StartDateTime,UserId,CallType,disconnectType,Total_Handle_Time,Total_Hold_Time,Total_Talk_Time
01:42.3,da7fadb4-cad9-4062-8271-bbc999ac1275,Inbound_Queue,endpoint,1188.162,0,1075.162
11:53.2,af512203-3ea2-48d5-bbf5-e46ae915d4d8,Inbound_Queue,peer,396.923,0,216.923
24:16.9,6b633a32-ec20-48f4-91dd-503d459eda1f,Inbound_Queue,peer,537.893,173.363,361.544
01:03.0,63bb6f93-004c-4a79-8d01-7de24f75241b,Inbound_Queue,peer,266.625,0,263.625
04:02.1,e47ca893-1edc-49e9-b0bd-58cde8182443,Inbound_Queue,peer,2545.198,856.591,1674.901
04:40.1,7e5d301d-a5e1-499f-8423-5300e8392c5a,Inbound_Queue,client,1027.725,20.607,1005.118
11:23.8,02709d36-9970-4d79-bc59-6c932dfd7c2e,Inbound_Queue,client,2296.168,0,2293.168
16:07.5,53d692a1-d4da-4d9d-a256-33737d264b15,Inbound_Queue,peer,1597.976,843.893,574.083
16:48.1,0ad1d053-a3a3-4056-a412-f4ac54609ed3,Inbound_Queue,peer,1155.306,320.501,654.805
17:17.2,4ff996ef-9f41-4fc7-9894-333cd0364bcc,Inbound_Queue,peer,898.486,0,718.486
23:37.8,af512203-3ea2-48d5-bbf5-e46ae915d4d8,Inbound_Queue,peer,716.046,0,536.046
23:51.3,1a84cf8f-6efc-4f95-a0bb-89f4d017a800,Inbound_Queue,peer,596.78,0,416.78
30:38.1,b4ad9889-08e7-4dd2-90c0-2fe3d2cb484a,Inbound_Queue,peer,1156.589,388.979,587.61
45:41.0,7cb2b3b9-b20b-496f-a7d1-b231ac85d46c,Inbound_Queue,peer,1334.633,599.542,555.091
45:58.4,addaecc5-bc24-44d4-883f-f667970c2545,Inbound_Queue,transfer,799.77,12.889,691.881
46:30.2,f3a9065d-c4e2-44a0-a93c-bb3495afe226,Inbound_Queue,peer,639.209,56.511,402.698
47:29.8,2f8ce95f-a182-4416-b140-458a8a0ed96c,Inbound_Queue,endpoint,182.279,0,2.279
48:41.3,37b61721-f642-4a1c-92e4-5764373107ab,Inbound_Queue,peer,1076.274,0,896.274
57:44.3,02709d36-9970-4d79-bc59-6c932dfd7c2e,Inbound_Queue,client,2074.162,154.765,1893.598
01:10.9,d8faa74c-3219-4337-850b-fb9954a4bf2a,Inbound_Queue,client,762.274,0,582.274
02:27.9,d1cd42d9-cdbb-425b-9c63-4b2de8ecc92f,Inbound_Queue,peer,1578.241,286.993,1111.248
03:03.3,991de021-0e54-4cff-a83d-793551c930d7,Inbound_Queue,peer,1280.939,0,1174.01
09:44.3,4ff996ef-9f41-4fc7-9894-333cd0364bcc,Inbound_Queue,transfer,285.452,0,105.452
22:49.9,53d692a1-d4da-4d9d-a256-33737d264b15,Inbound_Queue,peer,2547.892,0,2367.892
25:05.2,7e5d301d-a5e1-499f-8423-5300e8392c5a,Inbound_Queue,peer,529.522,105.417,421.3
36:11.7,02709d36-9970-4d79-bc59-6c932dfd7c2e,Inbound_Queue,transfer,929.297,142.06,704.237
44:54.2,b4ad9889-08e7-4dd2-90c0-2fe3d2cb484a,Inbound_Queue,peer,1311.2,771.326,359.874
45:40.6,addaecc5-bc24-44d4-883f-f667970c2545,Inbound_Queue,client,842.117,0,662.117
46:12.9,ff00ba56-0613-4822-836a-3663ff476a32,Inbound_Queue,peer,616.748,0,613.886
49:13.1,2adad817-f8f6-4b84-876b-7f2153a1232e,Inbound_Queue,peer,1096.698,0,916.698
49:22.5,63bb6f93-004c-4a79-8d01-7de24f75241b,Inbound_Queue,client,1067.802,557.81,506.992
54:29.2,20c90d44-45f8-4a87-bcc2-6951039092ad,Inbound_Queue,peer,322.645,0,319.645
55:21.9,57fe1954-e706-4ac9-a693-8f0d8b5faa5d,Inbound_Queue,peer,987.214,319.42,664.794
56:12.1,ef258981-d0bf-4b63-8904-c3eab1f74a6f,Inbound_Queue,peer,1874.388,344.408,1526.071
57:04.2,58eea8b2-12ef-4e44-b229-af25799ac3bb,Inbound_Queue,endpoint,2353.604,112.566,2061.038
57:34.6,1c2a0e5d-c17e-4919-9546-46d2d792021a,Inbound_Queue,endpoint,1564.955,0,1384.955
22:20.8,02709d36-9970-4d79-bc59-6c932dfd7c2e,Inbound_Queue,client,3804.868,192.804,3433.072
23:02.7,ffbaedee-9796-469c-89b4-fd22cec5fff7,Inbound_Queue,peer,650.871,69.252,573.946
25:33.0,2f8ce95f-a182-4416-b140-458a8a0ed96c,Inbound_Queue,endpoint,876.21,0,696.21
25:38.6,991de021-0e54-4cff-a83d-793551c930d7,Inbound_Queue,client,193.177,0,187.476
28:14.3,1a84cf8f-6efc-4f95-a0bb-89f4d017a800,Inbound_Queue,peer,507.997,0,327.997
28:20.7,629c0093-a219-49a6-bcf7-aefdf84ed746,Inbound_Queue,peer,1325.439,591.425,554.014
37:01.3,af512203-3ea2-48d5-bbf5-e46ae915d4d8,Inbound_Queue,peer,183.335,0,3.335
39:39.0,4ff996ef-9f41-4fc7-9894-333cd0364bcc,Inbound_Queue,client,727.257,0,547.257
40:59.4,d8faa74c-3219-4337-850b-fb9954a4bf2a,Inbound_Queue,client,4338.603,346.35,3812.253
41:48.0,0ad1d053-a3a3-4056-a412-f4ac54609ed3,Inbound_Queue,peer,1467.631,562.195,725.436
43:34.4,e974e08f-6dff-4187-a7c2-e21cad1e7452,Inbound_Queue,peer,3592.293,0,3589.391
44:59.0,9f3dbb17-1a42-45f6-b59c-c47b90a8a36e,Inbound_Queue,peer,1669.836,100.165,1566.671
46:58.7,4e77d158-9903-4400-8e78-0d9a23a39875,Inbound_Queue,client,19.644,0,8.644
47:15.5,610d92c5-8f00-4f56-b1ad-4ace5c1acc58,Inbound_Queue,peer,817.875,91.946,722.175
48:58.7,a30a63b9-93eb-431e-b066-efc787235721,Inbound_Queue,transfer,1938.651,81.035,1839.616
50:22.7,d1cd42d9-cdbb-425b-9c63-4b2de8ecc92f,Inbound_Queue,peer,356.04,0,176.04
54:49.0,6ddb2b56-0b3e-4a47-89f0-d49e23dcd237,Inbound_Queue,peer,1224.351,116.269,1106.082
58:42.2,20c90d44-45f8-4a87-bcc2-6951039092ad,Inbound_Queue,transfer,1376.093,230.371,1142.722
59:55.1,52e08b91-dc97-48b3-bbc5-bd48451ead22,Inbound_Queue,peer,1212.442,39.159,1075.283
00:26.2,a4ca4f9f-4cb0-4145-9b33-1bafc45fc1ff,Inbound_Queue,peer,3010.914,1596.002,1234.912
00:50.0,0d7185ba-bb22-4cd1-980f-7ef567a7e79c,Inbound_Queue,peer,1740.893,938.767,798.126
01:28.4,21fe413d-41f8-4141-8c83-5e392837b340,Inbound_Queue,peer,913.761,0,907.761
02:07.0,72a2b252-c880-47a3-8bef-8fe753331cfd,Inbound_Queue,transfer,417.703,0,395.703
02:28.6,53d692a1-d4da-4d9d-a256-33737d264b15,Inbound_Queue,peer,711.76,35.501,496.259
05:15.7,addaecc5-bc24-44d4-883f-f667970c2545,Inbound_Queue,peer,940.284,0,760.284
06:32.1,9aed926c-d44e-4772-84f2-8dd68b5f85a5,Inbound_Queue,peer,459.358,0,420.358
12:06.3,1c2a0e5d-c17e-4919-9546-46d2d792021a,Inbound_Queue,peer,211.951,0,31.951
18:27.3,49196b79-8854-4fa5-ab83-e3f2eed52695,Inbound_Queue,peer,599.839,116.892,362.947
18:27.6,991de021-0e54-4cff-a83d-793551c930d7,Inbound_Queue,peer,739.977,0,729.068
20:51.2,6e881084-8174-4d5f-9f61-bc83d2d5027d,Inbound_Queue,client,2094.183,580.174,1334.009
21:30.8,58eea8b2-12ef-4e44-b229-af25799ac3bb,Inbound_Queue,endpoint,889.375,145.082,564.293
22:18.3,1a84cf8f-6efc-4f95-a0bb-89f4d017a800,Inbound_Queue,transfer,745.686,176.344,389.342
22:34.1,af512203-3ea2-48d5-bbf5-e46ae915d4d8,Inbound_Queue,peer,1322.49,0,1142.49
23:05.2,f3a9065d-c4e2-44a0-a93c-bb3495afe226,Inbound_Queue,peer,1544.02,895.967,468.053
23:10.5,80676f08-9c92-4132-9233-30f00ebd5609,Inbound_Queue,peer,1578.342,602.428,887.116
25:26.5,4e77d158-9903-4400-8e78-0d9a23a39875,Inbound_Queue,peer,104.783,0,71.783
27:30.4,02709d36-9970-4d79-bc59-6c932dfd7c2e,Inbound_Queue,client,1124.055,0,944.055
29:11.7,4ff996ef-9f41-4fc7-9894-333cd0364bcc,Inbound_Queue,transfer,385.478,11.878,193.6
29:27.7,ce10f099-657a-4707-a80c-a5d10466d0ce,Inbound_Queue,peer,1333.177,503.23,790.947
31:27.8,d1cd42d9-cdbb-425b-9c63-4b2de8ecc92f,Inbound_Queue,peer,2511.313,682.783,1648.53
31:50.9,610d92c5-8f00-4f56-b1ad-4ace5c1acc58,Inbound_Queue,peer,1707.285,294.35,1400.011
33:53.8,37b61721-f642-4a1c-92e4-5764373107ab,Inbound_Queue,peer,1783.938,106.801,1497.137
37:09.0,0ad1d053-a3a3-4056-a412-f4ac54609ed3,Inbound_Queue,client,351.419,0,171.419
40:36.4,72a2b252-c880-47a3-8bef-8fe753331cfd,Inbound_Queue,client,180.107,0,175.247
40:54.0,063b0e04-a530-46c7-b4ae-fdc7dab75628,Inbound_Queue,client,231.148,0,147.148
40:59.6,b4ad9889-08e7-4dd2-90c0-2fe3d2cb484a,Inbound_Queue,transfer,993.937,141.414,672.523
44:29.4,9f3dbb17-1a42-45f6-b59c-c47b90a8a36e,Inbound_Queue,peer,682.586,0,679.586
47:59.9,02709d36-9970-4d79-bc59-6c932dfd7c2e,Inbound_Queue,peer,968.303,23.307,764.996
48:24.9,6ddb2b56-0b3e-4a47-89f0-d49e23dcd237,Inbound_Queue,peer,732.068,128.109,601.959
51:56.9,ffbaedee-9796-469c-89b4-fd22cec5fff7,Inbound_Queue,transfer,3302.572,1070.079,2106.731
53:37.8,91ea72ce-e8d9-427c-911e-69db9d3eca9b,Inbound_Queue,peer,666.546,133.749,529.229
00:32.8,57fe1954-e706-4ac9-a693-8f0d8b5faa5d,Inbound_Queue,transfer,702.624,169.787,520.897
02:50.1,7e5d301d-a5e1-499f-8423-5300e8392c5a,Inbound_Queue,client,59.613,1.423,56.19
07:15.3,629c0093-a219-49a6-bcf7-aefdf84ed746,Inbound_Queue,transfer,399.749,2.466,263.352
08:37.7,635c4df8-045d-4be4-bc5d-673938b9ee60,Inbound_Queue,peer,381.251,0,373.678
12:37.2,991de021-0e54-4cff-a83d-793551c930d7,Inbound_Queue,peer,335.665,0,324.665
13:22.0,21fe413d-41f8-4141-8c83-5e392837b340,Inbound_Queue,client,177.498,0,172.828
13:34.4,f2411143-83df-4206-90cd-7028e4b3be2d,Inbound_Queue,peer,540.428,0,469.54
17:14.2,ff00ba56-0613-4822-836a-3663ff476a32,Inbound_Queue,peer,1681.031,0,1678.031
17:27.8,72a2b252-c880-47a3-8bef-8fe753331cfd,Inbound_Queue,peer,58.246,0,40.694
19:07.1,063b0e04-a530-46c7-b4ae-fdc7dab75628,Inbound_Queue,client,536.311,0,356.311
19:39.4,63bb6f93-004c-4a79-8d01-7de24f75241b,Inbound_Queue,peer,766.577,215.418,548.159
23:12.6,e47ca893-1edc-49e9-b0bd-58cde8182443,Inbound_Queue,peer,806.874,0,797.272
23:47.0,b0996dc3-b802-443c-8596-98eca7bc63f4,Inbound_Queue,peer,1841.244,72.607,1588.637
23:49.0,1c2a0e5d-c17e-4919-9546-46d2d792021a,Inbound_Queue,peer,249.081,0,69.081
25:29.4,58eea8b2-12ef-4e44-b229-af25799ac3bb,Inbound_Queue,endpoint,685.701,0,505.701
26:11.5,b4ad9889-08e7-4dd2-90c0-2fe3d2cb484a,Inbound_Queue,peer,679.881,92.578,407.303
27:14.1,e974e08f-6dff-4187-a7c2-e21cad1e7452,Inbound_Queue,peer,2754.897,166.219,2586.678
29:29.6,f024f6da-ffb2-42ab-ac8a-06bde41270df,Inbound_Queue,peer,4210.471,189.924,3969.547
31:24.5,4e77d158-9903-4400-8e78-0d9a23a39875,Inbound_Queue,peer,1773.813,853.559,905.753
31:52.1,7e5d301d-a5e1-499f-8423-5300e8392c5a,Inbound_Queue,client,151.952,2.22,147.732
34:57.0,52e08b91-dc97-48b3-bbc5-bd48451ead22,Inbound_Queue,peer,867.179,238.264,580.915
35:11.1,54ea8c3b-6ecf-4585-9f16-e952cd6b249b,Inbound_Queue,peer,504.215,0,493.46
37:01.9,9aed926c-d44e-4772-84f2-8dd68b5f85a5,Inbound_Queue,peer,928.316,18.219,730.097
37:57.2,57fe1954-e706-4ac9-a693-8f0d8b5faa5d,Inbound_Queue,peer,660.083,0,652.083
38:06.7,94092f0b-90d3-45e2-b500-4debea87dfa4,Inbound_Queue,peer,541.189,0,489.189
39:23.2,9f3dbb17-1a42-45f6-b59c-c47b90a8a36e,Inbound_Queue,peer,186.517,0,184.517
39:26.6,635c4df8-045d-4be4-bc5d-673938b9ee60,Inbound_Queue,peer,552.279,2.374,547.098
41:17.0,6e881084-8174-4d5f-9f61-bc83d2d5027d,Inbound_Queue,peer,448.917,0,268.917
42:18.5,a30a63b9-93eb-431e-b066-efc787235721,Inbound_Queue,peer,984.622,0,950.037
44:01.2,610d92c5-8f00-4f56-b1ad-4ace5c1acc58,Inbound_Queue,peer,462.213,0,458.213
44:56.3,a4ca4f9f-4cb0-4145-9b33-1bafc45fc1ff,Inbound_Queue,peer,854.307,106.219,568.088
44:57.9,21fe413d-41f8-4141-8c83-5e392837b340,Inbound_Queue,peer,1260.222,194.365,1063.857
48:00.4,629c0093-a219-49a6-bcf7-aefdf84ed746,Inbound_Queue,transfer,1178.711,330.725,747.986
49:56.1,2adad817-f8f6-4b84-876b-7f2153a1232e,Inbound_Queue,peer,684.325,0,622.325
51:00.0,49196b79-8854-4fa5-ab83-e3f2eed52695,Inbound_Queue,peer,4469.382,1471.656,2901.017
51:22.9,1c2a0e5d-c17e-4919-9546-46d2d792021a,Inbound_Queue,endpoint,798.222,152.33,465.892
54:50.8,02709d36-9970-4d79-bc59-6c932dfd7c2e,Inbound_Queue,client,20.553,0,0.852
56:40.0,02709d36-9970-4d79-bc59-6c932dfd7c2e,Inbound_Queue,transfer,4301.93,555.877,3598.213
58:17.6,ce10f099-657a-4707-a80c-a5d10466d0ce,Inbound_Queue,peer,763.517,241.439,514.078
59:58.5,0ad1d053-a3a3-4056-a412-f4ac54609ed3,Inbound_Queue,peer,779.255,0,599.255
07:55.8,4ff996ef-9f41-4fc7-9894-333cd0364bcc,Inbound_Queue,peer,259.77,0,79.77
09:47.2,63bb6f93-004c-4a79-8d01-7de24f75241b,Inbound_Queue,peer,1043.818,0,1040.001
10:51.3,7e5d301d-a5e1-499f-8423-5300e8392c5a,Inbound_Queue,peer,274.938,0,272.402
12:18.4,58eea8b2-12ef-4e44-b229-af25799ac3bb,Inbound_Queue,peer,348.788,0,168.788
14:32.4,d8faa74c-3219-4337-850b-fb9954a4bf2a,Inbound_Queue,transfer,790.875,2.137,608.738
22:16.6,e47ca893-1edc-49e9-b0bd-58cde8182443,Inbound_Queue,peer,346.933,0,340.933
26:04.2,6e881084-8174-4d5f-9f61-bc83d2d5027d,Inbound_Queue,peer,613.036,1.574,431.462
34:30.7,52e08b91-dc97-48b3-bbc5-bd48451ead22,Inbound_Queue,peer,1576.561,131.45,1433.111
36:17.4,610d92c5-8f00-4f56-b1ad-4ace5c1acc58,Inbound_Queue,transfer,611.227,4.576,426.651
36:40.4,ff00ba56-0613-4822-836a-3663ff476a32,Inbound_Queue,client,54.812,0,22.884
37:16.1,addaecc5-bc24-44d4-883f-f667970c2545,Inbound_Queue,transfer,1886.506,11.783,1694.723
39:05.0,20c90d44-45f8-4a87-bcc2-6951039092ad,Inbound_Queue,peer,160.598,0,157.738
41:22.1,4e77d158-9903-4400-8e78-0d9a23a39875,Inbound_Queue,peer,2404.186,392.899,1955.287
43:09.9,1c2a0e5d-c17e-4919-9546-46d2d792021a,Inbound_Queue,endpoint,3040.148,1207.601,1652.547
44:12.8,94092f0b-90d3-45e2-b500-4debea87dfa4,Inbound_Queue,peer,3618.418,865.249,2749.297
48:03.6,d1cd42d9-cdbb-425b-9c63-4b2de8ecc92f,Inbound_Queue,transfer,621.534,184.138,257.396
48:05.1,629c0093-a219-49a6-bcf7-aefdf84ed746,Inbound_Queue,peer,362.89,0,356.89
49:51.8,ce10f099-657a-4707-a80c-a5d10466d0ce,Inbound_Queue,peer,178.403,0,166.532
50:36.8,4ff996ef-9f41-4fc7-9894-333cd0364bcc,Inbound_Queue,peer,1015.778,0,835.778
50:42.9,063b0e04-a530-46c7-b4ae-fdc7dab75628,Inbound_Queue,peer,4205.657,1.653,4173.207
52:09.7,a4ca4f9f-4cb0-4145-9b33-1bafc45fc1ff,Inbound_Queue,peer,1409.495,486.097,743.398
53:18.9,0ad1d053-a3a3-4056-a412-f4ac54609ed3,Inbound_Queue,client,437.331,0,257.331
56:08.4,af512203-3ea2-48d5-bbf5-e46ae915d4d8,Inbound_Queue,peer,2556.981,0,2376.981
02:27.5,9f3dbb17-1a42-45f6-b59c-c47b90a8a36e,Inbound_Queue,peer,1928.633,0,1926.633
05:34.0,6b633a32-ec20-48f4-91dd-503d459eda1f,Inbound_Queue,peer,3277.309,686.594,2584.715
07:46.5,72a2b252-c880-47a3-8bef-8fe753331cfd,Inbound_Queue,client,58.046,0,26.046
08:18.8,7cb2b3b9-b20b-496f-a7d1-b231ac85d46c,Inbound_Queue,peer,1197.576,0,1017.576
08:27.0,02709d36-9970-4d79-bc59-6c932dfd7c2e,Inbound_Queue,peer,804.966,11.554,613.412
08:40.2,2f8ce95f-a182-4416-b140-458a8a0ed96c,Inbound_Queue,peer,1680.161,81.689,1418.472
09:55.0,a30a63b9-93eb-431e-b066-efc787235721,Inbound_Queue,transfer,2408.817,797.989,1599.828
12:50.2,b4ad9889-08e7-4dd2-90c0-2fe3d2cb484a,Inbound_Queue,peer,4489.073,2321.028,1988.045
18:36.0,20c90d44-45f8-4a87-bcc2-6951039092ad,Inbound_Queue,peer,584.408,0,581.408
26:15.5,7e5d301d-a5e1-499f-8423-5300e8392c5a,Inbound_Queue,peer,960.785,54.467,904.318
27:01.9,635c4df8-045d-4be4-bc5d-673938b9ee60,Inbound_Queue,client,196.668,0,191.989
27:25.4,991de021-0e54-4cff-a83d-793551c930d7,Inbound_Queue,client,644.27,0,641.394
30:07.9,57fe1954-e706-4ac9-a693-8f0d8b5faa5d,Inbound_Queue,peer,1388.526,0,1380.526
31:51.3,e47ca893-1edc-49e9-b0bd-58cde8182443,Inbound_Queue,client,484.742,0,304.742
32:55.5,ff00ba56-0613-4822-836a-3663ff476a32,Inbound_Queue,peer,2142.505,339.441,1801.064
33:52.4,ffbaedee-9796-469c-89b4-fd22cec5fff7,Inbound_Queue,peer,427.25,122.284,271.966
35:27.8,72a2b252-c880-47a3-8bef-8fe753331cfd,Inbound_Queue,client,447.565,62.335,318.49
35:41.8,d8faa74c-3219-4337-850b-fb9954a4bf2a,Inbound_Queue,peer,842.212,21.784,640.428
38:38.4,63bb6f93-004c-4a79-8d01-7de24f75241b,Inbound_Queue,peer,305.407,0,298.721
38:53.2,6ddb2b56-0b3e-4a47-89f0-d49e23dcd237,Inbound_Queue,peer,2332.898,269.878,2061.02
44:31.3,02709d36-9970-4d79-bc59-6c932dfd7c2e,Inbound_Queue,client,1252.285,0,1211.285
47:55.0,0ad1d053-a3a3-4056-a412-f4ac54609ed3,Inbound_Queue,peer,2412.373,349.105,1883.268
48:03.3,2adad817-f8f6-4b84-876b-7f2153a1232e,Inbound_Queue,peer,225.429,0,211.429
48:33.4,37b61721-f642-4a1c-92e4-5764373107ab,Inbound_Queue,peer,1161.343,0,981.343
50:01.1,addaecc5-bc24-44d4-883f-f667970c2545,Inbound_Queue,client,263.917,0,83.917
56:03.1,1a84cf8f-6efc-4f95-a0bb-89f4d017a800,Inbound_Queue,transfer,949.451,1.906,767.545
57:33.3,58eea8b2-12ef-4e44-b229-af25799ac3bb,Inbound_Queue,endpoint,1276.784,288.904,807.88
59:22.0,21fe413d-41f8-4141-8c83-5e392837b340,Inbound_Queue,peer,281.544,0,221.922
59:46.4,20c90d44-45f8-4a87-bcc2-6951039092ad,Inbound_Queue,peer,532.935,0,529.394
01:10.4,635c4df8-045d-4be4-bc5d-673938b9ee60,Inbound_Queue,peer,240.353,2.509,235.844
03:06.2,6e881084-8174-4d5f-9f61-bc83d2d5027d,Inbound_Queue,peer,823.252,0,643.252
08:11.3,02709d36-9970-4d79-bc59-6c932dfd7c2e,Inbound_Queue,transfer,493.881,140.364,182.768
09:30.5,991de021-0e54-4cff-a83d-793551c930d7,Inbound_Queue,peer,1062.43,0,1052.737
10:56.5,e47ca893-1edc-49e9-b0bd-58cde8182443,Inbound_Queue,peer,1098.358,156.421,761.937
13:58.5,7e5d301d-a5e1-499f-8423-5300e8392c5a,Inbound_Queue,client,1026.31,172.303,852.007
17:18.7,02709d36-9970-4d79-bc59-6c932dfd7c2e,Inbound_Queue,client,706.969,0,526.969
25:26.1,63bb6f93-004c-4a79-8d01-7de24f75241b,Inbound_Queue,peer,1392.783,818.17,568.622
25:36.2,4ff996ef-9f41-4fc7-9894-333cd0364bcc,Inbound_Queue,peer,496.241,0,316.241
25:51.0,e974e08f-6dff-4187-a7c2-e21cad1e7452,Inbound_Queue,peer,882.266,8.982,870.396
32:52.3,02709d36-9970-4d79-bc59-6c932dfd7c2e,Inbound_Queue,peer,1410.753,0,1256.753
34:19.8,f2411143-83df-4206-90cd-7028e4b3be2d,Inbound_Queue,peer,886.189,0,791.189
35:23.4,d1cd42d9-cdbb-425b-9c63-4b2de8ecc92f,Inbound_Queue,peer,789.975,0,609.975
41:40.4,d8faa74c-3219-4337-850b-fb9954a4bf2a,Inbound_Queue,client,1318.064,0,1193.292
43:43.3,629c0093-a219-49a6-bcf7-aefdf84ed746,Inbound_Queue,transfer,1519.715,432.95,906.765
45:02.7,ce10f099-657a-4707-a80c-a5d10466d0ce,Inbound_Queue,peer,62.812,0,60.11
45:03.9,ff00ba56-0613-4822-836a-3663ff476a32,Inbound_Queue,peer,927.086,383.314,539.237
46:36.4,52e08b91-dc97-48b3-bbc5-bd48451ead22,Inbound_Queue,peer,84.557,0,47.666
47:29.2,72a2b252-c880-47a3-8bef-8fe753331cfd,Inbound_Queue,peer,631.946,157.213,470.733
47:35.5,6e881084-8174-4d5f-9f61-bc83d2d5027d,Inbound_Queue,peer,1877.465,348.462,1349.003
47:47.5,58eea8b2-12ef-4e44-b229-af25799ac3bb,Inbound_Queue,endpoint,278.396,0,98.396
48:43.8,4e77d158-9903-4400-8e78-0d9a23a39875,Inbound_Queue,peer,1852.722,766.753,1073.969
51:08.9,20c90d44-45f8-4a87-bcc2-6951039092ad,Inbound_Queue,peer,1967.854,849.536,1112.318
51:40.0,b4ad9889-08e7-4dd2-90c0-2fe3d2cb484a,Inbound_Queue,peer,1864.649,843.46,841.189
57:50.2,02709d36-9970-4d79-bc59-6c932dfd7c2e,Inbound_Queue,client,3629.033,18.969,3430.064
57:59.1,0ad1d053-a3a3-4056-a412-f4ac54609ed3,Inbound_Queue,peer,1544.703,0,1364.703
07:32.4,9f3dbb17-1a42-45f6-b59c-c47b90a8a36e,Inbound_Queue,peer,12.822,0,1.174
09:50.9,7cb2b3b9-b20b-496f-a7d1-b231ac85d46c,Inbound_Queue,peer,1331.165,0,1151.165
11:40.6,e974e08f-6dff-4187-a7c2-e21cad1e7452,Inbound_Queue,peer,1038.821,196.86,839.961
13:14.3,9aed926c-d44e-4772-84f2-8dd68b5f85a5,Inbound_Queue,peer,591.92,0,411.92
16:17.3,addaecc5-bc24-44d4-883f-f667970c2545,Inbound_Queue,peer,940.365,0,760.365
17:28.8,94092f0b-90d3-45e2-b500-4debea87dfa4,Inbound_Queue,peer,72.839,0,25.839
18:35.8,80676f08-9c92-4132-9233-30f00ebd5609,Inbound_Queue,peer,1171.36,326.48,727.88
19:18.1,ce10f099-657a-4707-a80c-a5d10466d0ce,Inbound_Queue,client,13.005,0,7.359
20:58.8,a30a63b9-93eb-431e-b066-efc787235721,Inbound_Queue,peer,60.102,0,42.102
21:32.4,f024f6da-ffb2-42ab-ac8a-06bde41270df,Inbound_Queue,peer,1661.482,47.776,1607.706
21:59.0,2f8ce95f-a182-4416-b140-458a8a0ed96c,Inbound_Queue,endpoint,182.767,0,2.767
22:13.0,72a2b252-c880-47a3-8bef-8fe753331cfd,Inbound_Queue,peer,434.265,0,427.387
24:29.6,1c2a0e5d-c17e-4919-9546-46d2d792021a,Inbound_Queue,endpoint,1118.134,601.298,336.836
26:01.5,991de021-0e54-4cff-a83d-793551c930d7,Inbound_Queue,transfer,678.445,0,675.445
29:50.5,57fe1954-e706-4ac9-a693-8f0d8b5faa5d,Inbound_Queue,peer,691.631,224.333,464.298
32:17.5,6ddb2b56-0b3e-4a47-89f0-d49e23dcd237,Inbound_Queue,peer,1834.534,148.927,1683.033
33:25.4,9f3dbb17-1a42-45f6-b59c-c47b90a8a36e,Inbound_Queue,peer,1206.996,4.756,1193.327
34:47.5,063b0e04-a530-46c7-b4ae-fdc7dab75628,Inbound_Queue,peer,3638.722,2265.385,1360.337
37:26.2,58eea8b2-12ef-4e44-b229-af25799ac3bb,Inbound_Queue,peer,4004.416,537.817,3286.599
37:37.0,0d7185ba-bb22-4cd1-980f-7ef567a7e79c,Inbound_Queue,peer,2051.072,412.03,1634.129
42:13.0,52e08b91-dc97-48b3-bbc5-bd48451ead22,Inbound_Queue,client,236.994,0,227.994
46:31.3,94092f0b-90d3-45e2-b500-4debea87dfa4,Inbound_Queue,peer,184.638,0,181.638
53:22.5,ce10f099-657a-4707-a80c-a5d10466d0ce,Inbound_Queue,peer,203.875,0,151.978
54:15.3,a4ca4f9f-4cb0-4145-9b33-1bafc45fc1ff,Inbound_Queue,peer,1750.049,324.066,1421.983
54:49.3,a30a63b9-93eb-431e-b066-efc787235721,Inbound_Queue,peer,748.69,0,733.73
54:55.2,b4ad9889-08e7-4dd2-90c0-2fe3d2cb484a,Inbound_Queue,peer,795.576,344.097,271.479
55:28.6,9aed926c-d44e-4772-84f2-8dd68b5f85a5,Inbound_Queue,peer,2918.742,702.478,2183.264
55:50.5,20c90d44-45f8-4a87-bcc2-6951039092ad,Inbound_Queue,peer,823.213,71.517,740.706
01:41.9,610d92c5-8f00-4f56-b1ad-4ace5c1acc58,Inbound_Queue,peer,811.079,167.419,481.89
01:56.8,72a2b252-c880-47a3-8bef-8fe753331cfd,Inbound_Queue,endpoint,1720.353,756.727,940.674
03:56.1,ffbaedee-9796-469c-89b4-fd22cec5fff7,Inbound_Queue,peer,221.924,0,41.924
05:29.5,addaecc5-bc24-44d4-883f-f667970c2545,Inbound_Queue,peer,700.107,0,685.438
10:17.4,991de021-0e54-4cff-a83d-793551c930d7,Inbound_Queue,peer,2471.278,0,2422.458
12:14.6,1c2a0e5d-c17e-4919-9546-46d2d792021a,Inbound_Queue,transfer,591.231,188.012,223.219
14:59.6,629c0093-a219-49a6-bcf7-aefdf84ed746,Inbound_Queue,peer,1989.389,879.463,929.926
17:36.0,4e77d158-9903-4400-8e78-0d9a23a39875,Inbound_Queue,peer,1663.767,677.625,908.142
20:49.9,57fe1954-e706-4ac9-a693-8f0d8b5faa5d,Inbound_Queue,peer,456.397,93.868,357.529
23:19.8,52e08b91-dc97-48b3-bbc5-bd48451ead22,Inbound_Queue,peer,340.576,0,291.576
32:24.8,f024f6da-ffb2-42ab-ac8a-06bde41270df,Inbound_Queue,transfer,996.871,11.148,963.723
34:49.5,21fe413d-41f8-4141-8c83-5e392837b340,Inbound_Queue,peer,1743.748,494.317,1240.431
42:00.1,ffbaedee-9796-469c-89b4-fd22cec5fff7,Inbound_Queue,peer,45.699,0,31.794
42:16.6,e974e08f-6dff-4187-a7c2-e21cad1e7452,Inbound_Queue,peer,442.88,1.525,439.355
42:53.1,ce10f099-657a-4707-a80c-a5d10466d0ce,Inbound_Queue,transfer,854.393,211.124,632.303
42:56.8,91ea72ce-e8d9-427c-911e-69db9d3eca9b,Inbound_Queue,peer,1512.041,75.41,1389.674
52:56.7,1c2a0e5d-c17e-4919-9546-46d2d792021a,Inbound_Queue,endpoint,1763.208,357.901,1225.307
54:17.3,57fe1954-e706-4ac9-a693-8f0d8b5faa5d,Inbound_Queue,peer,458.934,0,455.934
58:10.0,52e08b91-dc97-48b3-bbc5-bd48451ead22,Inbound_Queue,peer,571.35,24.832,502.76
59:12.4,94092f0b-90d3-45e2-b500-4debea87dfa4,Inbound_Queue,peer,790.135,250.71,513.425
00:26.4,610d92c5-8f00-4f56-b1ad-4ace5c1acc58,Inbound_Queue,peer,632.879,0,452.879
03:10.5,ffbaedee-9796-469c-89b4-fd22cec5fff7,Inbound_Queue,client,129.272,0,121.272
08:29.8,4e77d158-9903-4400-8e78-0d9a23a39875,Inbound_Queue,peer,3043.89,1254.158,1609.732
14:25.3,80676f08-9c92-4132-9233-30f00ebd5609,Inbound_Queue,peer,2436.057,1103.232,1324.151
24:07.8,629c0093-a219-49a6-bcf7-aefdf84ed746,Inbound_Queue,client,346.677,0,176.677
34:11.2,f024f6da-ffb2-42ab-ac8a-06bde41270df,Inbound_Queue,peer,1419.376,0,1307.56
39:21.4,e974e08f-6dff-4187-a7c2-e21cad1e7452,Inbound_Queue,peer,850.99,187.228,656.762
42:41.1,a4ca4f9f-4cb0-4145-9b33-1bafc45fc1ff,Inbound_Queue,endpoint,1134.163,0,954.163
44:29.9,9f3dbb17-1a42-45f6-b59c-c47b90a8a36e,Inbound_Queue,endpoint,877.013,0,841.013
00:58.0,7cb2b3b9-b20b-496f-a7d1-b231ac85d46c,Inbound_Queue,peer,1325.932,283.634,862.298
02:27.7,2f8ce95f-a182-4416-b140-458a8a0ed96c,Inbound_Queue,endpoint,184.779,0,4.779
03:53.5,7e343f6a-ea29-4708-b2ba-767bf4520733,Inbound_Queue,client,2707.837,196.168,2505.669
07:14.7,040166c5-a05b-4be2-9fdd-049fcd04f498,Inbound_Queue,peer,2261.23,389.111,1692.119
07:28.3,ed1fcb7a-fca8-4a39-a048-129c8ea27454,Inbound_Queue,peer,1555.203,262.712,1148.525
10:10.4,38aaf3d7-da25-4a9b-9f19-6e19d73d3247,Inbound_Queue,client,1774.679,226.035,1410.748
11:32.3,1a1b0387-e91a-432b-afee-1421669d3709,Inbound_Queue,peer,1219.194,0,1039.194
23:09.7,af512203-3ea2-48d5-bbf5-e46ae915d4d8,Inbound_Queue,peer,802.603,0,622.603
31:54.6,f0b45afb-1194-4ce8-8e8e-356c8c4a5474,Inbound_Queue,peer,771.839,0,591.839
32:00.7,1a84cf8f-6efc-4f95-a0bb-89f4d017a800,Inbound_Queue,transfer,775.087,2.61,592.477
33:51.5,e2fa5f27-e8ad-4205-9138-29ce9ac6a892,Inbound_Queue,peer,693.563,1.775,688.047
36:24.4,8261bb15-26ea-48f4-b5e8-686de8c5ccea,Inbound_Queue,client,196.067,0,182.211
37:36.5,1de5336c-7f42-4615-8c87-4ac11784ee8f,Inbound_Queue,client,549.119,0,369.119
38:44.7,ff00ba56-0613-4822-836a-3663ff476a32,Inbound_Queue,peer,1459.362,17.355,1440.007
40:41.6,7e5d301d-a5e1-499f-8423-5300e8392c5a,Inbound_Queue,peer,492.755,134.721,356.504
41:34.1,bed34990-b428-4868-b4b3-e18e0980dedf,Inbound_Queue,peer,550.518,0,464.528
43:31.0,b0f01320-84cb-4f99-85df-7e44bba5baba,Inbound_Queue,transfer,702.192,225.733,469.459
44:53.2,70cdc787-a19d-4670-95ab-d5ce98e547ae,Inbound_Queue,peer,2101.684,177.202,1920.482
51:34.9,63bb6f93-004c-4a79-8d01-7de24f75241b,Inbound_Queue,peer,1428.445,348.234,1074.603
53:48.1,457eb428-bc02-4f52-b77d-e63756825e07,Inbound_Queue,client,2686.514,942.137,1564.377
55:06.4,e47ca893-1edc-49e9-b0bd-58cde8182443,Inbound_Queue,client,215.674,0,149.674
01:35.2,8edfd986-7da5-4c4b-81c3-83266f2a9955,Inbound_Queue,peer,750.154,0,570.154
02:22.2,397cbba2-3e6a-41d8-84bb-bb4c8775bea0,Inbound_Queue,peer,5342.515,2751.885,2585.669
02:46.5,7692606e-6ff5-4d86-9986-3eafe5513617,Inbound_Queue,peer,496.251,0,316.251
07:44.3,8716932b-1c67-4002-8a55-9c2b20eaca79,Inbound_Queue,peer,1019.572,367.252,472.32
08:13.1,597bddf4-8a4a-4349-af69-fd25a3e396a3,Inbound_Queue,peer,647.732,0,619.732
08:37.5,14dfa860-b731-4b36-9e5f-e3da58bfa76f,Inbound_Queue,client,2110.121,879.598,1050.523
10:46.3,7cb2b3b9-b20b-496f-a7d1-b231ac85d46c,Inbound_Queue,peer,2449.869,208.322,2061.547
12:45.5,e9d88d3f-b816-407b-be29-e652e1ac8720,Inbound_Queue,peer,758.453,76.351,677.565
15:48.5,53d692a1-d4da-4d9d-a256-33737d264b15,Inbound_Queue,peer,2087.12,428.615,1478.505
17:20.1,d1cd42d9-cdbb-425b-9c63-4b2de8ecc92f,Inbound_Queue,peer,803.337,0,623.337
17:33.5,07673675-154e-4984-88f0-6254dc285e61,Inbound_Queue,endpoint,431.539,0,251.539
18:19.2,0ad1d053-a3a3-4056-a412-f4ac54609ed3,Inbound_Queue,peer,2252.815,314.969,1757.846
21:07.8,2adad817-f8f6-4b84-876b-7f2153a1232e,Inbound_Queue,transfer,622.623,4.348,598.332
22:27.8,af512203-3ea2-48d5-bbf5-e46ae915d4d8,Inbound_Queue,peer,1013.416,0,833.416
22:55.1,4ff996ef-9f41-4fc7-9894-333cd0364bcc,Inbound_Queue,peer,495.974,0,315.974
26:52.4,b0996dc3-b802-443c-8596-98eca7bc63f4,Inbound_Queue,peer,2389.838,370.481,1839.357
27:25.4,8261bb15-26ea-48f4-b5e8-686de8c5ccea,Inbound_Queue,peer,439.019,0,414.352
27:38.2,38aaf3d7-da25-4a9b-9f19-6e19d73d3247,Inbound_Queue,,474.332,0,294.332
29:47.7,ea63a7f4-000e-44c3-9a17-c94ba222767e,Inbound_Queue,peer,1100.783,0,1095.783
30:00.5,d5486df6-8847-4eeb-ab47-076356427abf,Inbound_Queue,peer,3634.803,1362.419,2092.384
30:09.4,f0b45afb-1194-4ce8-8e8e-356c8c4a5474,Inbound_Queue,peer,2395.167,742.196,1472.971
31:34.8,fefd5888-a8c0-4c46-8061-81b2e104efb0,Inbound_Queue,peer,600.464,0,420.464
32:09.8,e2fa5f27-e8ad-4205-9138-29ce9ac6a892,Inbound_Queue,transfer,321.427,3.908,314.786
34:59.8,255d569b-e1cf-46f4-bfba-88b4a69f5455,Inbound_Queue,peer,745.612,71.431,671.486
38:22.8,635c4df8-045d-4be4-bc5d-673938b9ee60,Inbound_Queue,peer,26.696,0,19.832
39:00.4,bed34990-b428-4868-b4b3-e18e0980dedf,Inbound_Queue,peer,639.288,0,459.288
39:00.5,1a1b0387-e91a-432b-afee-1421669d3709,Inbound_Queue,peer,663.725,0,483.725
40:13.0,54ea8c3b-6ecf-4585-9f16-e952cd6b249b,Inbound_Queue,peer,888.851,0,708.851
41:07.9,6b633a32-ec20-48f4-91dd-503d459eda1f,Inbound_Queue,peer,1027.709,345.083,675.626
41:47.9,9e320771-73b1-4592-819a-7f022b7fb43a,Inbound_Queue,transfer,2391.146,670.337,1713.809
41:54.2,2fdbdbbd-bf46-4ff2-a8d1-082d1edfef81,Inbound_Queue,endpoint,428.634,0,248.634
42:08.6,eff70e56-61a1-4c81-ac40-902f099d9017,Inbound_Queue,peer,2520.717,690.349,1650.368
42:22.1,d1f986ef-1bad-4c64-9680-a3c042ffcdf3,Inbound_Queue,client,1336.746,214.06,942.686
42:35.9,160993fa-c10c-47f8-ab0e-3604b4f1c927,Inbound_Queue,peer,449.248,0,269.248
42:50.3,b7012e18-db86-4f79-9c20-63f445065951,Inbound_Queue,peer,1214.669,0,1034.669
43:10.8,7692606e-6ff5-4d86-9986-3eafe5513617,Inbound_Queue,peer,208.316,0,28.316
44:13.7,20c90d44-45f8-4a87-bcc2-6951039092ad,Inbound_Queue,peer,2600.323,375.952,2219.371
44:31.2,63bb6f93-004c-4a79-8d01-7de24f75241b,Inbound_Queue,peer,339.229,0,335.229
44:34.1,addaecc5-bc24-44d4-883f-f667970c2545,Inbound_Queue,client,353.119,100.369,160.959
44:34.6,a1f6fcd7-2e96-4af8-9c5d-047878b26aa4,Inbound_Queue,peer,431.418,0,257.418
45:00.9,597bddf4-8a4a-4349-af69-fd25a3e396a3,Inbound_Queue,peer,1510.131,0,1342.131
45:37.6,0350e824-4af2-4216-90b4-0d6d6b37b894,Inbound_Queue,peer,638.935,0,458.935
46:15.0,2f8ce95f-a182-4416-b140-458a8a0ed96c,Inbound_Queue,peer,1814.53,123.377,1511.153
47:00.7,1de5336c-7f42-4615-8c87-4ac11784ee8f,Inbound_Queue,peer,249.122,0,245.361
47:45.1,e0e99868-ae4e-4d91-a609-ad1f37391890,Inbound_Queue,peer,2131.188,1034.747,954.441
48:47.4,7e5d301d-a5e1-499f-8423-5300e8392c5a,Inbound_Queue,client,1390.614,218.383,1170.707
51:11.1,809f8e6c-6117-4ab2-9100-d3a22f659893,Inbound_Queue,peer,996.345,341.978,648.367
51:29.8,72a2b252-c880-47a3-8bef-8fe753331cfd,Inbound_Queue,peer,612.86,0,596.86
52:03.6,d2b5db33-03d0-46a9-a8fc-13794f4d0d6a,Inbound_Queue,peer,1111.944,192.623,739.321
52:57.2,07673675-154e-4984-88f0-6254dc285e61,Inbound_Queue,endpoint,300.645,0,120.645
54:46.8,83182297-7f24-413b-8783-8a80d4ed30c4,Inbound_Queue,transfer,1033.453,8.176,845.277
56:05.3,d1cd42d9-cdbb-425b-9c63-4b2de8ecc92f,Inbound_Queue,peer,421.042,0,241.042
56:17.2,991de021-0e54-4cff-a83d-793551c930d7,Inbound_Queue,peer,860.121,216.09,627.031
57:09.1,3ada4c7f-b585-4818-9438-b4d5f9d61989,Inbound_Queue,peer,2755.463,598.553,1976.91
58:21.1,e2fa5f27-e8ad-4205-9138-29ce9ac6a892,Inbound_Queue,peer,863.53,50.471,811.059
58:38.1,fefd5888-a8c0-4c46-8061-81b2e104efb0,Inbound_Queue,peer,4970.885,2026.371,2764.514
59:03.5,14dfa860-b731-4b36-9e5f-e3da58bfa76f,Inbound_Queue,client,1847.281,647.865,1019.416
59:52.4,b0f01320-84cb-4f99-85df-7e44bba5baba,Inbound_Queue,peer,527.046,0,524.061
00:14.8,5867c9ef-4b00-4c2e-8626-049028df8d80,Inbound_Queue,client,198.067,0,18.067
00:16.2,b16a44d9-b58a-49ff-bc25-8155079eac20,Inbound_Queue,client,1873.43,682.719,1010.711
00:44.6,ff00ba56-0613-4822-836a-3663ff476a32,Inbound_Queue,peer,1176.809,1.518,1169.37
02:33.8,502d6033-517a-49ef-b5a0-632601053d1c,Inbound_Queue,peer,180.582,0,0.582
03:20.3,040166c5-a05b-4be2-9fdd-049fcd04f498,Inbound_Queue,peer,778.032,285.218,312.814
04:06.3,4ff996ef-9f41-4fc7-9894-333cd0364bcc,Inbound_Queue,peer,904.029,0,724.029
04:07.4,21e90dac-b238-4f78-a740-02b24ae01154,Inbound_Queue,peer,876.197,191.957,682.24
04:27.9,ed1fcb7a-fca8-4a39-a048-129c8ea27454,Inbound_Queue,peer,3241.277,465.492,2659.954
05:05.2,87dc437c-feaf-4fd3-b1a3-5676468dae1d,Inbound_Queue,peer,850.565,0,670.565
05:45.4,255d569b-e1cf-46f4-bfba-88b4a69f5455,Inbound_Queue,peer,836.935,65.316,761.902
07:46.6,6ddb2b56-0b3e-4a47-89f0-d49e23dcd237,Inbound_Queue,peer,1780.526,319.057,1459.469
08:20.4,2fdbdbbd-bf46-4ff2-a8d1-082d1edfef81,Inbound_Queue,endpoint,3420.704,599.446,2641.258
09:04.1,160993fa-c10c-47f8-ab0e-3604b4f1c927,Inbound_Queue,peer,1324.302,301.667,869.821
09:11.4,addaecc5-bc24-44d4-883f-f667970c2545,Inbound_Queue,peer,1401.132,587.587,653.545
10:35.8,53d692a1-d4da-4d9d-a256-33737d264b15,Inbound_Queue,peer,350.829,0,170.829
10:53.0,c9167e6d-1661-460e-bca6-da35ecb2866d,Inbound_Queue,peer,749.39,131.238,438.152
10:53.3,6418b087-04b0-40d8-a517-b7cc92477aed,Inbound_Queue,peer,367.752,0,187.752
11:15.3,af512203-3ea2-48d5-bbf5-e46ae915d4d8,Inbound_Queue,peer,570.489,0,390.489
11:20.4,0350e824-4af2-4216-90b4-0d6d6b37b894,Inbound_Queue,peer,1940.987,352.756,1408.231
11:25.3,457eb428-bc02-4f52-b77d-e63756825e07,Inbound_Queue,client,6350.977,1551.345,4619.632
11:46.1,8edfd986-7da5-4c4b-81c3-83266f2a9955,Inbound_Queue,peer,1676.614,0,1496.614
11:59.0,f7b69e0d-7656-439f-9383-e764e09c32ef,Inbound_Queue,client,426.224,41.517,273.707
12:50.1,8261bb15-26ea-48f4-b5e8-686de8c5ccea,Inbound_Queue,peer,65.535,0,60.535
12:54.9,635c4df8-045d-4be4-bc5d-673938b9ee60,Inbound_Queue,peer,40.06,0,34.244
14:10.8,57fe1954-e706-4ac9-a693-8f0d8b5faa5d,Inbound_Queue,peer,855.286,308.439,540.847
14:14.4,8716932b-1c67-4002-8a55-9c2b20eaca79,Inbound_Queue,client,302.741,0,122.741
14:23.9,72a2b252-c880-47a3-8bef-8fe753331cfd,Inbound_Queue,peer,598.688,0,592.936
14:46.8,bed34990-b428-4868-b4b3-e18e0980dedf,Inbound_Queue,peer,1138.089,257.624,859.468
15:07.7,a9db4161-ec04-4fe1-8fa9-4645b96ff374,Inbound_Queue,peer,727.023,0,547.023
15:31.9,1a1b0387-e91a-432b-afee-1421669d3709,Inbound_Queue,peer,4567.311,161.779,4225.532
15:44.5,d1f986ef-1bad-4c64-9680-a3c042ffcdf3,Inbound_Queue,client,409.103,0,229.103
15:44.7,1a84cf8f-6efc-4f95-a0bb-89f4d017a800,Inbound_Queue,peer,2443.136,1385.179,877.957
16:16.8,63bb6f93-004c-4a79-8d01-7de24f75241b,Inbound_Queue,peer,184.73,0,181.73
16:44.7,502d6033-517a-49ef-b5a0-632601053d1c,Inbound_Queue,peer,840.5,0,660.5
17:22.3,e47ca893-1edc-49e9-b0bd-58cde8182443,Inbound_Queue,peer,1209.953,286.903,743.05
17:26.6,b0996dc3-b802-443c-8596-98eca7bc63f4,Inbound_Queue,peer,1454.139,0,1274.139
18:20.9,a1f6fcd7-2e96-4af8-9c5d-047878b26aa4,Inbound_Queue,peer,932.268,104.473,647.795
19:45.7,1cb2454f-5ded-4dda-8c81-baeeef4372ec,Inbound_Queue,peer,1184.261,45.701,958.56
20:25.9,d1cd42d9-cdbb-425b-9c63-4b2de8ecc92f,Inbound_Queue,client,445.902,96.217,169.685
20:58.7,2adad817-f8f6-4b84-876b-7f2153a1232e,Inbound_Queue,peer,1941.319,403.658,1524.948
21:14.6,7cb2b3b9-b20b-496f-a7d1-b231ac85d46c,Inbound_Queue,peer,907.321,183.624,543.697
21:50.9,b0f01320-84cb-4f99-85df-7e44bba5baba,Inbound_Queue,peer,796.399,138.039,655.689
21:57.1,38aaf3d7-da25-4a9b-9f19-6e19d73d3247,Inbound_Queue,client,828.741,237.184,438.574
23:03.0,809f8e6c-6117-4ab2-9100-d3a22f659893,Inbound_Queue,client,267.807,0,87.807
23:03.6,991de021-0e54-4cff-a83d-793551c930d7,Inbound_Queue,peer,398.147,0,385.147
23:49.4,7e5d301d-a5e1-499f-8423-5300e8392c5a,Inbound_Queue,peer,229.021,70.835,154.331
24:33.7,6b633a32-ec20-48f4-91dd-503d459eda1f,Inbound_Queue,endpoint,1727.674,492.842,1186.832
26:33.2,ea63a7f4-000e-44c3-9a17-c94ba222767e,Inbound_Queue,client,444.797,0,301.797
27:01.6,635c4df8-045d-4be4-bc5d-673938b9ee60,Inbound_Queue,transfer,1303.215,495.769,796.513
27:04.9,0d7185ba-bb22-4cd1-980f-7ef567a7e79c,Inbound_Queue,peer,837.936,271.815,559.281
27:36.7,8261bb15-26ea-48f4-b5e8-686de8c5ccea,Inbound_Queue,peer,3498.221,312.85,3182.371
28:46.9,07673675-154e-4984-88f0-6254dc285e61,Inbound_Queue,endpoint,565.38,0,385.38
28:47.0,ef258981-d0bf-4b63-8904-c3eab1f74a6f,Inbound_Queue,peer,1230.755,324.471,797.284
28:47.4,ffbaedee-9796-469c-89b4-fd22cec5fff7,Inbound_Queue,peer,242.19,0,236.19
28:51.7,040166c5-a05b-4be2-9fdd-049fcd04f498,Inbound_Queue,peer,1283.72,689.746,413.974
28:57.0,2f8ce95f-a182-4416-b140-458a8a0ed96c,Inbound_Queue,endpoint,182.716,0,2.716
30:04.1,83182297-7f24-413b-8783-8a80d4ed30c4,Inbound_Queue,peer,2460.897,704.164,1576.733
31:00.6,d2b5db33-03d0-46a9-a8fc-13794f4d0d6a,Inbound_Queue,peer,419.973,0,239.973
31:15.6,7692606e-6ff5-4d86-9986-3eafe5513617,Inbound_Queue,client,198.667,0,18.667
31:40.8,5867c9ef-4b00-4c2e-8626-049028df8d80,Inbound_Queue,peer,3075.856,452.639,2443.217
32:16.6,21e90dac-b238-4f78-a740-02b24ae01154,Inbound_Queue,peer,1098.644,0,1086.644
32:19.6,4ff996ef-9f41-4fc7-9894-333cd0364bcc,Inbound_Queue,peer,1097.417,0,917.417
32:26.3,87dc437c-feaf-4fd3-b1a3-5676468dae1d,Inbound_Queue,client,2343.132,0,2209.336
32:31.4,8716932b-1c67-4002-8a55-9c2b20eaca79,Inbound_Queue,peer,2638.116,1238.807,1219.309
32:34.2,1de5336c-7f42-4615-8c87-4ac11784ee8f,Inbound_Queue,client,1134.598,138.856,815.742
32:46.6,63bb6f93-004c-4a79-8d01-7de24f75241b,Inbound_Queue,peer,317.072,0,314.072
32:51.9,d7676e0c-8f59-428a-b165-4fa63b4f8db9,Inbound_Queue,peer,8356.953,2842.19,5334.763
32:58.6,af512203-3ea2-48d5-bbf5-e46ae915d4d8,Inbound_Queue,peer,494.261,0,314.261
33:03.6,14d7a297-4253-44e8-a34f-68bcd9819814,Inbound_Queue,peer,2588.082,452.868,2130.214
33:09.9,ff00ba56-0613-4822-836a-3663ff476a32,Inbound_Queue,peer,464.621,0,461.621
33:31.5,9e320771-73b1-4592-819a-7f022b7fb43a,Inbound_Queue,client,1205.305,173.759,851.546
33:58.3,b8b5a757-7176-499d-b93d-8feebb36c09f,Inbound_Queue,peer,360.016,11.079,344.937
34:14.2,c9167e6d-1661-460e-bca6-da35ecb2866d,Inbound_Queue,peer,860.985,115.552,565.433
35:18.5,eff70e56-61a1-4c81-ac40-902f099d9017,Inbound_Queue,peer,796.83,0,616.83
35:55.8,72a2b252-c880-47a3-8bef-8fe753331cfd,Inbound_Queue,client,102.153,0,62.153
36:28.8,597bddf4-8a4a-4349-af69-fd25a3e396a3,Inbound_Queue,peer,575.36,0,413.36
37:16.5,f0b45afb-1194-4ce8-8e8e-356c8c4a5474,Inbound_Queue,peer,6305.66,929.161,5347.641
37:20.4,f7b69e0d-7656-439f-9383-e764e09c32ef,Inbound_Queue,peer,968.137,11.848,949.537
37:49.4,6418b087-04b0-40d8-a517-b7cc92477aed,Inbound_Queue,client,1243.132,0,1063.132
38:57.2,a9db4161-ec04-4fe1-8fa9-4645b96ff374,Inbound_Queue,peer,3446.403,1084.544,2181.859
39:02.8,20c90d44-45f8-4a87-bcc2-6951039092ad,Inbound_Queue,peer,1862.773,357.018,1498.21
39:13.2,0496289e-0ec0-4060-a396-eb01ed3b22d7,Inbound_Queue,peer,429.643,0,249.643
39:14.8,7e5d301d-a5e1-499f-8423-5300e8392c5a,Inbound_Queue,peer,628.778,4.617,620.52
39:19.2,57fe1954-e706-4ac9-a693-8f0d8b5faa5d,Inbound_Queue,client,225.719,0,214.811
40:42.3,991de021-0e54-4cff-a83d-793551c930d7,Inbound_Queue,peer,2090.433,209.539,1877.894
40:52.6,629c0093-a219-49a6-bcf7-aefdf84ed746,Inbound_Queue,peer,56.339,0,27.339
40:56.5,70f68240-114b-419f-835e-33728e8e262f,Inbound_Queue,peer,533.869,30.66,501.263
42:09.1,eb2417e8-cb69-4cd5-a7c3-a625c808bbc8,Inbound_Queue,peer,469.228,0,393.228
42:22.8,193caf00-bddc-4964-a034-44837daa3bb3,Inbound_Queue,peer,530.985,0,350.985
42:53.0,3cee4f26-b17c-4a0e-8faa-22b2f5da37a9,Inbound_Queue,peer,183.376,0,48.376
43:10.7,b7012e18-db86-4f79-9c20-63f445065951,Inbound_Queue,peer,1113.782,0,933.782
43:54.5,4f33a4b0-1d58-402b-9046-16d2157e3b77,Inbound_Queue,peer,493.867,1.925,488.942
44:07.1,502d6033-517a-49ef-b5a0-632601053d1c,Inbound_Queue,peer,2001.769,702.835,1118.934
44:51.6,54ea8c3b-6ecf-4585-9f16-e952cd6b249b,Inbound_Queue,peer,875.633,0,872.633
45:03.3,b16a44d9-b58a-49ff-bc25-8155079eac20,Inbound_Queue,peer,983.551,0,803.551
45:31.6,2f8ce95f-a182-4416-b140-458a8a0ed96c,Inbound_Queue,client,284.629,0,104.629
45:45.6,7e343f6a-ea29-4708-b2ba-767bf4520733,Inbound_Queue,peer,1574.929,153.381,1418.624
46:02.5,ffbaedee-9796-469c-89b4-fd22cec5fff7,Inbound_Queue,peer,1513.578,251.953,1256.625
46:46.6,bed34990-b428-4868-b4b3-e18e0980dedf,Inbound_Queue,peer,445.32,0,442.32
47:45.3,a1f6fcd7-2e96-4af8-9c5d-047878b26aa4,Inbound_Queue,peer,412.523,0,232.523
48:06.7,ea63a7f4-000e-44c3-9a17-c94ba222767e,Inbound_Queue,peer,549.855,0,516.939
48:23.7,7692606e-6ff5-4d86-9986-3eafe5513617,Inbound_Queue,peer,260.745,0,80.745
49:18.3,809f8e6c-6117-4ab2-9100-d3a22f659893,Inbound_Queue,peer,334.582,0,154.582
49:35.2,b0f01320-84cb-4f99-85df-7e44bba5baba,Inbound_Queue,peer,1058.954,356.824,697.13
50:33.3,0544876f-4db0-46be-9f60-752ec4413636,Inbound_Queue,peer,1214.234,332.652,728.812
50:42.9,7cb2b3b9-b20b-496f-a7d1-b231ac85d46c,Inbound_Queue,peer,1134.08,0,954.08
52:12.6,d2b5db33-03d0-46a9-a8fc-13794f4d0d6a,Inbound_Queue,transfer,1537.253,909.454,447.799
52:47.2,21fe413d-41f8-4141-8c83-5e392837b340,Inbound_Queue,peer,1498.321,416.296,1078.479
54:01.3,e0e99868-ae4e-4d91-a609-ad1f37391890,Inbound_Queue,peer,275.133,0,129.161
54:13.9,b8b5a757-7176-499d-b93d-8feebb36c09f,Inbound_Queue,peer,1366.794,1.966,1361.045
54:28.0,ff00ba56-0613-4822-836a-3663ff476a32,Inbound_Queue,peer,1120.26,0,1117.26
54:34.8,0d7185ba-bb22-4cd1-980f-7ef567a7e79c,Inbound_Queue,peer,4328.247,101.408,4210.839
55:02.5,af512203-3ea2-48d5-bbf5-e46ae915d4d8,Inbound_Queue,peer,1467.01,513.917,773.093
55:11.5,255d569b-e1cf-46f4-bfba-88b4a69f5455,Inbound_Queue,peer,869.716,0,865.716
56:54.6,57fe1954-e706-4ac9-a693-8f0d8b5faa5d,Inbound_Queue,peer,396.205,0,391.253
58:05.5,0350e824-4af2-4216-90b4-0d6d6b37b894,Inbound_Queue,peer,205.672,0,25.672
58:39.0,d1cd42d9-cdbb-425b-9c63-4b2de8ecc92f,Inbound_Queue,peer,1345.432,154.33,1011.102
59:14.9,0c0ef954-5e4b-4029-b7b5-2348b25edf2e,Inbound_Queue,peer,1725.956,586.667,959.289
59:35.7,0496289e-0ec0-4060-a396-eb01ed3b22d7,Inbound_Queue,peer,977.579,280.07,517.509
59:53.4,160993fa-c10c-47f8-ab0e-3604b4f1c927,Inbound_Queue,transfer,247.709,91.187,119.522
59:54.2,629c0093-a219-49a6-bcf7-aefdf84ed746,Inbound_Queue,peer,536.97,0,369.133
00:32.3,397cbba2-3e6a-41d8-84bb-bb4c8775bea0,Inbound_Queue,peer,1545.165,561.263,979.902
00:37.1,c9167e6d-1661-460e-bca6-da35ecb2866d,Inbound_Queue,transfer,726.271,3.041,543.23
01:09.4,635c4df8-045d-4be4-bc5d-673938b9ee60,Inbound_Queue,peer,340.971,0,325.374
01:26.4,70f68240-114b-419f-835e-33728e8e262f,Inbound_Queue,peer,1082.686,0,1080.686
01:39.8,38aaf3d7-da25-4a9b-9f19-6e19d73d3247,Inbound_Queue,client,437.554,0,311.554
03:15.2,21e90dac-b238-4f78-a740-02b24ae01154,Inbound_Queue,peer,300.956,0,299.007
03:34.6,4ff996ef-9f41-4fc7-9894-333cd0364bcc,Inbound_Queue,client,200.996,0,20.996
04:02.1,0ad1d053-a3a3-4056-a412-f4ac54609ed3,Inbound_Queue,peer,1144.179,180.187,783.992
04:13.4,d5486df6-8847-4eeb-ab47-076356427abf,Inbound_Queue,peer,482.223,0,302.223
04:34.7,597bddf4-8a4a-4349-af69-fd25a3e396a3,Inbound_Queue,peer,5786.444,0,5606.444
04:52.4,193caf00-bddc-4964-a034-44837daa3bb3,Inbound_Queue,peer,187.571,0,7.571
04:52.5,3ada4c7f-b585-4818-9438-b4d5f9d61989,Inbound_Queue,peer,755.464,57.925,517.539
05:14.1,1de5336c-7f42-4615-8c87-4ac11784ee8f,Inbound_Queue,client,729.403,224.016,325.387
05:20.9,040166c5-a05b-4be2-9fdd-049fcd04f498,Inbound_Queue,client,980.118,309.838,490.28
05:31.2,7692606e-6ff5-4d86-9986-3eafe5513617,Inbound_Queue,client,206.121,0,26.121
06:00.3,f7b69e0d-7656-439f-9383-e764e09c32ef,Inbound_Queue,peer,791.273,0,611.273
06:03.2,63bb6f93-004c-4a79-8d01-7de24f75241b,Inbound_Queue,peer,1034.377,323.472,707.141
06:06.9,bed34990-b428-4868-b4b3-e18e0980dedf,Inbound_Queue,peer,1472.835,166.457,1303.656
06:47.6,eb2417e8-cb69-4cd5-a7c3-a625c808bbc8,Inbound_Queue,peer,682.798,0,618.932
07:37.7,a1f6fcd7-2e96-4af8-9c5d-047878b26aa4,Inbound_Queue,peer,391.375,0,211.375
07:43.1,809f8e6c-6117-4ab2-9100-d3a22f659893,Inbound_Queue,peer,458.079,65.071,213.008
07:55.5,f75f5a38-3e79-4fe2-87a4-c375235ca13a,Inbound_Queue,peer,1189.342,181.446,835.165
08:15.9,7e5d301d-a5e1-499f-8423-5300e8392c5a,Inbound_Queue,peer,495.706,0,488.706
08:39.9,ea63a7f4-000e-44c3-9a17-c94ba222767e,Inbound_Queue,peer,1034.517,71.966,782.551
08:55.8,4f33a4b0-1d58-402b-9046-16d2157e3b77,Inbound_Queue,peer,771.461,49.777,717.902
09:27.7,ed1fcb7a-fca8-4a39-a048-129c8ea27454,Inbound_Queue,peer,3480.009,474.59,2890.684
09:44.7,e0e99868-ae4e-4d91-a609-ad1f37391890,Inbound_Queue,peer,2429.509,195.898,2159.928
10:21.8,e9a52a16-8aed-4650-ae12-008a27de3264,Inbound_Queue,peer,471.979,0,291.979
11:22.7,6607042e-58ad-440e-a713-936f3bd890f6,Inbound_Queue,peer,2163.94,696.992,1286.948
12:15.3,2dcedc95-b76c-407f-a454-c527e7b47f7a,Inbound_Queue,peer,2555.303,839.31,1698.993
13:22.7,b4ad9889-08e7-4dd2-90c0-2fe3d2cb484a,Inbound_Queue,peer,2698.589,1416.737,1101.852
14:45.0,06131d34-d97c-4ff9-a8d0-51af3d3907c0,Inbound_Queue,peer,4905.303,2220.174,2669.57
15:02.8,8a1bfa1e-a509-4159-a617-b144da7cde68,Inbound_Queue,peer,721.848,182.555,359.293
15:10.3,4e77d158-9903-4400-8e78-0d9a23a39875,Inbound_Queue,peer,629.112,149.502,472.61
15:39.1,f3a9065d-c4e2-44a0-a93c-bb3495afe226,Inbound_Queue,peer,1976.164,797.839,998.325
16:02.8,d6e29412-dfdd-45c1-a597-29a960a5c5f8,Inbound_Queue,transfer,2815.78,1144.359,1491.421
16:08.3,b16a44d9-b58a-49ff-bc25-8155079eac20,Inbound_Queue,peer,493.196,0,313.196
16:30.0,0350e824-4af2-4216-90b4-0d6d6b37b894,Inbound_Queue,endpoint,265.465,0,85.465
16:50.0,b7012e18-db86-4f79-9c20-63f445065951,Inbound_Queue,client,589.517,0,409.517
16:57.9,57fe1954-e706-4ac9-a693-8f0d8b5faa5d,Inbound_Queue,peer,286.493,0,282.493
17:20.4,e0fe5905-960d-46cd-ae8c-5b60b07dd531,Inbound_Queue,peer,1216.855,461.111,629.936
17:25.9,160993fa-c10c-47f8-ab0e-3604b4f1c927,Inbound_Queue,peer,1230.834,268.679,782.155
17:54.2,e9d88d3f-b816-407b-be29-e652e1ac8720,Inbound_Queue,client,495.409,35.183,457.671
18:26.8,635c4df8-045d-4be4-bc5d-673938b9ee60,Inbound_Queue,peer,684.915,252.397,429.706
18:50.7,4ff996ef-9f41-4fc7-9894-333cd0364bcc,Inbound_Queue,peer,889.539,0,837.736
19:05.6,b0f01320-84cb-4f99-85df-7e44bba5baba,Inbound_Queue,peer,2126.925,508.914,1438.011
19:30.3,193caf00-bddc-4964-a034-44837daa3bb3,Inbound_Queue,peer,1287.238,43.859,1063.379
19:45.7,21e90dac-b238-4f78-a740-02b24ae01154,Inbound_Queue,peer,1100.688,0,920.688
19:57.5,5a9248b8-bfd2-4326-a472-5e4ccc679ead,Inbound_Queue,peer,3323.471,469.203,2674.268
20:01.0,629c0093-a219-49a6-bcf7-aefdf84ed746,Inbound_Queue,peer,869.786,247.194,442.592
21:16.2,38aaf3d7-da25-4a9b-9f19-6e19d73d3247,Inbound_Queue,client,821.555,0,689.555
21:16.3,7692606e-6ff5-4d86-9986-3eafe5513617,Inbound_Queue,client,335.242,0,155.242
21:24.8,255d569b-e1cf-46f4-bfba-88b4a69f5455,Inbound_Queue,peer,1123.703,0,1086.703
21:25.8,7e343f6a-ea29-4708-b2ba-767bf4520733,Inbound_Queue,peer,745.503,25.991,717.512
22:51.8,c9167e6d-1661-460e-bca6-da35ecb2866d,Inbound_Queue,endpoint,3684.569,2150.336,1354.233
22:52.5,54ea8c3b-6ecf-4585-9f16-e952cd6b249b,Inbound_Queue,peer,208.152,0,201.152
23:00.7,f7f9c471-4578-4226-869b-58f17ffcb657,Inbound_Queue,peer,1896.869,386.167,1330.702
23:00.8,adf0125d-22ab-480b-9a84-9d7889adb38c,Inbound_Queue,peer,1670.549,291.38,1199.169
23:10.3,37b61721-f642-4a1c-92e4-5764373107ab,Inbound_Queue,peer,3232.56,2004.923,1047.637
23:11.6,a1f6fcd7-2e96-4af8-9c5d-047878b26aa4,Inbound_Queue,peer,460.741,0,280.741
23:13.8,9e320771-73b1-4592-819a-7f022b7fb43a,Inbound_Queue,peer,1429.734,249.768,1101.966
23:18.2,809f8e6c-6117-4ab2-9100-d3a22f659893,Inbound_Queue,peer,2073.431,198.47,1694.961
23:26.4,eff70e56-61a1-4c81-ac40-902f099d9017,Inbound_Queue,peer,569.014,82.762,306.252
24:00.4,72a2b252-c880-47a3-8bef-8fe753331cfd,Inbound_Queue,peer,435.429,0,318.728
24:06.4,d1f986ef-1bad-4c64-9680-a3c042ffcdf3,Inbound_Queue,client,1497.234,358.425,958.809
24:16.7,9aed926c-d44e-4772-84f2-8dd68b5f85a5,Inbound_Queue,peer,915.871,32.189,703.682
24:17.1,0496289e-0ec0-4060-a396-eb01ed3b22d7,Inbound_Queue,peer,839.877,0,659.877
24:21.5,1a84cf8f-6efc-4f95-a0bb-89f4d017a800,Inbound_Queue,peer,853.973,0,673.973
24:49.9,14d7a297-4253-44e8-a34f-68bcd9819814,Inbound_Queue,peer,2067.779,485.106,1580.162
25:24.6,b8b5a757-7176-499d-b93d-8feebb36c09f,Inbound_Queue,peer,844.781,9.902,832.353
26:13.9,3ada4c7f-b585-4818-9438-b4d5f9d61989,Inbound_Queue,peer,782.065,170.553,431.512
26:24.5,502d6033-517a-49ef-b5a0-632601053d1c,Inbound_Queue,peer,445.448,0,265.448
26:29.3,21fe413d-41f8-4141-8c83-5e392837b340,Inbound_Queue,peer,506.566,220.283,258.394
27:21.1,d2b5db33-03d0-46a9-a8fc-13794f4d0d6a,Inbound_Queue,peer,897.688,0,717.688
27:23.9,eb2417e8-cb69-4cd5-a7c3-a625c808bbc8,Inbound_Queue,peer,696.178,96.473,544.705
27:47.3,6418b087-04b0-40d8-a517-b7cc92477aed,Inbound_Queue,peer,1425.842,0,1245.842
27:48.6,e9a52a16-8aed-4650-ae12-008a27de3264,Inbound_Queue,peer,3348.948,613.558,2555.39
28:19.3,3cee4f26-b17c-4a0e-8faa-22b2f5da37a9,Inbound_Queue,peer,1264.197,322.332,761.865
28:25.6,2fdbdbbd-bf46-4ff2-a8d1-082d1edfef81,Inbound_Queue,endpoint,2019.048,695.453,1143.595
28:41.6,1de5336c-7f42-4615-8c87-4ac11784ee8f,Inbound_Queue,peer,972.086,147.521,668.565
28:58.6,6b633a32-ec20-48f4-91dd-503d459eda1f,Inbound_Queue,peer,2363.257,857.517,1473.962
29:04.5,f7b69e0d-7656-439f-9383-e764e09c32ef,Inbound_Queue,peer,1841.05,401.057,1434.993
29:33.0,70f68240-114b-419f-835e-33728e8e262f,Inbound_Queue,peer,604.961,0,603.961
29:40.4,5e6b0aa5-78f6-475d-897e-fe2036aa4250,Inbound_Queue,client,1541.078,154.434,1206.644
29:49.8,af512203-3ea2-48d5-bbf5-e46ae915d4d8,Inbound_Queue,peer,1071.736,0,891.736
30:17.4,d1cd42d9-cdbb-425b-9c63-4b2de8ecc92f,Inbound_Queue,peer,946.279,0,766.279
30:17.6,0544876f-4db0-46be-9f60-752ec4413636,Inbound_Queue,peer,849.318,247.789,438.529
30:26.9,57fe1954-e706-4ac9-a693-8f0d8b5faa5d,Inbound_Queue,transfer,696.787,0,693.168
30:27.2,4f33a4b0-1d58-402b-9046-16d2157e3b77,Inbound_Queue,peer,1852.174,743.795,946.379
30:51.6,6ddb2b56-0b3e-4a47-89f0-d49e23dcd237,Inbound_Queue,client,338.224,0,336.224
31:12.7,42c439e6-9c60-48e5-b0a4-46e49c341158,Inbound_Queue,peer,1915.155,0,1735.155
31:26.1,0ad1d053-a3a3-4056-a412-f4ac54609ed3,Inbound_Queue,peer,653.205,0,473.205
31:55.7,63bb6f93-004c-4a79-8d01-7de24f75241b,Inbound_Queue,peer,1354.924,0,1352.035
32:17.6,ffbaedee-9796-469c-89b4-fd22cec5fff7,Inbound_Queue,peer,514.954,0,501.369
33:13.2,b16a44d9-b58a-49ff-bc25-8155079eac20,Inbound_Queue,peer,817.766,95.759,542.007
33:31.6,2f8ce95f-a182-4416-b140-458a8a0ed96c,Inbound_Queue,peer,1150.37,117.357,853.013
33:37.2,d5486df6-8847-4eeb-ab47-076356427abf,Inbound_Queue,peer,1244.547,0,1064.547
33:39.9,4e77d158-9903-4400-8e78-0d9a23a39875,Inbound_Queue,peer,1469.274,624.555,791.719
35:00.0,c0a8c863-7b54-4c09-aad8-0bd6dc4f2544,Inbound_Queue,peer,496.134,0,316.134
35:07.0,ea63a7f4-000e-44c3-9a17-c94ba222767e,Inbound_Queue,peer,795.23,66.289,548.941
35:35.3,8261bb15-26ea-48f4-b5e8-686de8c5ccea,Inbound_Queue,peer,364.638,128.191,233.754
36:00.9,397cbba2-3e6a-41d8-84bb-bb4c8775bea0,Inbound_Queue,peer,694.064,0,690.341
36:07.9,20c90d44-45f8-4a87-bcc2-6951039092ad,Inbound_Queue,peer,430.382,0,426.79
36:22.1,b7012e18-db86-4f79-9c20-63f445065951,Inbound_Queue,peer,205.258,0,25.258
37:24.1,7692606e-6ff5-4d86-9986-3eafe5513617,Inbound_Queue,client,198.896,0,18.896
37:35.7,8a1bfa1e-a509-4159-a617-b144da7cde68,Inbound_Queue,peer,453.109,0,273.109
37:45.8,eb6e9215-042f-4f5d-9f5e-643f13daad08,Inbound_Queue,peer,426.086,0,416.472
37:47.9,0c0ef954-5e4b-4029-b7b5-2348b25edf2e,Inbound_Queue,client,4696.124,2207.447,2438.677
37:49.3,f75f5a38-3e79-4fe2-87a4-c375235ca13a,Inbound_Queue,endpoint,56.183,0,20.183
38:34.9,635c4df8-045d-4be4-bc5d-673938b9ee60,Inbound_Queue,peer,715.438,293.216,414.222
38:41.5,abd7e836-7c8a-42e9-98c0-25f4e65233ba,Inbound_Queue,peer,496.729,125.765,367.964
38:48.1,f024f6da-ffb2-42ab-ac8a-06bde41270df,Inbound_Queue,peer,3476.548,434.081,2862.467
40:45.3,730bd0f7-b90b-46dd-b0c5-f310d4e9784a,Inbound_Queue,peer,2121.476,0,1941.476
40:46.2,59f8eea1-fc1a-4435-9cdd-65ebaecf7ada,Inbound_Queue,peer,3405.704,1385.703,1840.001
40:51.3,aa26e2bd-1385-44f0-af87-72d3e32568b4,Inbound_Queue,client,1062.546,0,882.546
41:01.6,bed34990-b428-4868-b4b3-e18e0980dedf,Inbound_Queue,peer,901.287,46.703,851.744
42:02.3,991de021-0e54-4cff-a83d-793551c930d7,Inbound_Queue,peer,584.95,0,486.99
42:11.1,a1f6fcd7-2e96-4af8-9c5d-047878b26aa4,Inbound_Queue,transfer,1523.872,353.187,1013.685
42:14.3,ce10f099-657a-4707-a80c-a5d10466d0ce,Inbound_Queue,client,546.857,0,525.32
42:25.2,2adad817-f8f6-4b84-876b-7f2153a1232e,Inbound_Queue,peer,2655.304,430.019,2109.715
42:36.9,72a2b252-c880-47a3-8bef-8fe753331cfd,Inbound_Queue,client,150.704,0,24.704
42:43.9,8716932b-1c67-4002-8a55-9c2b20eaca79,Inbound_Queue,peer,624.941,0,444.941
42:55.4,eff70e56-61a1-4c81-ac40-902f099d9017,Inbound_Queue,peer,1168.988,388.263,600.725
43:15.1,629c0093-a219-49a6-bcf7-aefdf84ed746,Inbound_Queue,transfer,1052.021,104.016,768.005
43:20.6,21fe413d-41f8-4141-8c83-5e392837b340,Inbound_Queue,peer,2092.131,327.755,1754.376
44:43.7,38aaf3d7-da25-4a9b-9f19-6e19d73d3247,Inbound_Queue,peer,560.26,0,400.26
46:58.5,a9db4161-ec04-4fe1-8fa9-4645b96ff374,Inbound_Queue,peer,930.036,91.163,658.873
47:07.6,fefd5888-a8c0-4c46-8061-81b2e104efb0,Inbound_Queue,transfer,958.782,419.928,358.854
47:21.4,160993fa-c10c-47f8-ab0e-3604b4f1c927,Inbound_Queue,peer,710.275,23.943,574.332
47:29.7,0496289e-0ec0-4060-a396-eb01ed3b22d7,Inbound_Queue,peer,540.751,0,360.751
47:41.9,af512203-3ea2-48d5-bbf5-e46ae915d4d8,Inbound_Queue,peer,1060.24,0,880.24
48:08.1,df4e932b-8d7f-4e00-8d45-18eef77126a3,Inbound_Queue,peer,512.87,0,332.87
48:30.1,f75f5a38-3e79-4fe2-87a4-c375235ca13a,Inbound_Queue,peer,943.788,305.782,519.418
49:03.4,9aed926c-d44e-4772-84f2-8dd68b5f85a5,Inbound_Queue,client,442.551,113.094,254.457
49:43.1,b7012e18-db86-4f79-9c20-63f445065951,Inbound_Queue,peer,1820.548,0,1640.548
50:07.6,91ea72ce-e8d9-427c-911e-69db9d3eca9b,Inbound_Queue,peer,1647.089,439.227,1112.862
50:36.0,7692606e-6ff5-4d86-9986-3eafe5513617,Inbound_Queue,peer,238.797,0,58.797
51:28.2,ffbaedee-9796-469c-89b4-fd22cec5fff7,Inbound_Queue,peer,2014.045,970.217,932.828
51:31.1,8261bb15-26ea-48f4-b5e8-686de8c5ccea,Inbound_Queue,peer,2067.055,376.324,1674.818
51:40.0,57fe1954-e706-4ac9-a693-8f0d8b5faa5d,Inbound_Queue,peer,1932.036,340.067,1411.969
51:52.4,0ad1d053-a3a3-4056-a412-f4ac54609ed3,Inbound_Queue,peer,1165.143,315.734,669.409
52:18.4,20c90d44-45f8-4a87-bcc2-6951039092ad,Inbound_Queue,client,284.009,0,276.49
52:24.4,1a84cf8f-6efc-4f95-a0bb-89f4d017a800,Inbound_Queue,peer,215.828,0,35.828
52:39.4,ff00ba56-0613-4822-836a-3663ff476a32,Inbound_Queue,peer,352.394,0,346.874
53:14.2,f2411143-83df-4206-90cd-7028e4b3be2d,Inbound_Queue,peer,706.766,0,577.948
53:17.1,0544876f-4db0-46be-9f60-752ec4413636,Inbound_Queue,peer,3642.614,947.063,2515.551
53:44.9,610d92c5-8f00-4f56-b1ad-4ace5c1acc58,Inbound_Queue,peer,3395.658,484.966,2730.692
53:46.2,8a1bfa1e-a509-4159-a617-b144da7cde68,Inbound_Queue,peer,556.497,0,376.497
54:09.7,a30a63b9-93eb-431e-b066-efc787235721,Inbound_Queue,client,266.773,0,244.773
54:50.3,d1cd42d9-cdbb-425b-9c63-4b2de8ecc92f,Inbound_Queue,peer,1720.489,0,1540.489
55:13.8,0350e824-4af2-4216-90b4-0d6d6b37b894,Inbound_Queue,client,202.821,0,22.821
55:25.5,1de5336c-7f42-4615-8c87-4ac11784ee8f,Inbound_Queue,peer,1134.371,128.148,826.223
55:38.1,abd7e836-7c8a-42e9-98c0-25f4e65233ba,Inbound_Queue,client,256.425,0,253.425
55:50.2,9e320771-73b1-4592-819a-7f022b7fb43a,Inbound_Queue,client,795.214,112.091,545.325
56:17.0,87dc437c-feaf-4fd3-b1a3-5676468dae1d,Inbound_Queue,peer,2014.798,323.429,1511.369
56:48.6,53d692a1-d4da-4d9d-a256-33737d264b15,Inbound_Queue,peer,650.205,0,558.205
56:49.0,6607042e-58ad-440e-a713-936f3bd890f6,Inbound_Queue,peer,1478.087,153.07,1145.017
56:49.2,397cbba2-3e6a-41d8-84bb-bb4c8775bea0,Inbound_Queue,peer,541.622,0,537.622
57:44.3,ea63a7f4-000e-44c3-9a17-c94ba222767e,Inbound_Queue,transfer,1040.715,75.52,891.25
57:58.7,72a2b252-c880-47a3-8bef-8fe753331cfd,Inbound_Queue,peer,83.093,0,21.093
58:28.8,6ddb2b56-0b3e-4a47-89f0-d49e23dcd237,Inbound_Queue,peer,1448.361,242.143,1202.424
58:34.0,d1f986ef-1bad-4c64-9680-a3c042ffcdf3,Inbound_Queue,client,713.983,143.095,390.888
58:45.2,3cee4f26-b17c-4a0e-8faa-22b2f5da37a9,Inbound_Queue,peer,206.617,0,26.617
58:54.7,ce10f099-657a-4707-a80c-a5d10466d0ce,Inbound_Queue,peer,1687.573,0,1600.573
58:55.8,adf0125d-22ab-480b-9a84-9d7889adb38c,Inbound_Queue,peer,1184.969,0,1004.969
59:04.3,991de021-0e54-4cff-a83d-793551c930d7,Inbound_Queue,peer,527.653,0,518.653
59:04.8,6418b087-04b0-40d8-a517-b7cc92477aed,Inbound_Queue,client,1159.278,221.927,757.351
59:20.2,255d569b-e1cf-46f4-bfba-88b4a69f5455,Inbound_Queue,peer,808.16,25.13,755.121
59:37.8,e0e99868-ae4e-4d91-a609-ad1f37391890,Inbound_Queue,peer,822.767,176.163,490.604
59:38.9,8716932b-1c67-4002-8a55-9c2b20eaca79,Inbound_Queue,peer,1211.554,643.999,387.555
00:58.7,b8b5a757-7176-499d-b93d-8feebb36c09f,Inbound_Queue,peer,1633.882,2.786,1617.096
01:15.7,d5486df6-8847-4eeb-ab47-076356427abf,Inbound_Queue,peer,2811.956,541.24,2090.716
01:59.7,63bb6f93-004c-4a79-8d01-7de24f75241b,Inbound_Queue,peer,6186.384,0,6171.384
03:11.2,7692606e-6ff5-4d86-9986-3eafe5513617,Inbound_Queue,peer,398.593,0,218.593
04:33.6,2dcedc95-b76c-407f-a454-c527e7b47f7a,Inbound_Queue,transfer,588.352,31.407,394.013
04:58.2,5e6b0aa5-78f6-475d-897e-fe2036aa4250,Inbound_Queue,peer,1441.715,332.889,928.826
05:11.2,bed34990-b428-4868-b4b3-e18e0980dedf,Inbound_Queue,peer,530.34,0,524.701
05:58.9,0496289e-0ec0-4060-a396-eb01ed3b22d7,Inbound_Queue,peer,1651.838,446.015,1025.823
06:39.8,df4e932b-8d7f-4e00-8d45-18eef77126a3,Inbound_Queue,endpoint,1155.149,671.213,303.936
07:42.3,20c90d44-45f8-4a87-bcc2-6951039092ad,Inbound_Queue,peer,947.449,0,942.449
08:00.8,635c4df8-045d-4be4-bc5d-673938b9ee60,Inbound_Queue,transfer,573.564,117.473,451.091
08:44.7,46f7670a-55bd-4c83-8036-184c5b14b5fe,Inbound_Queue,peer,569.463,0,389.463
08:51.9,ab231e97-5e63-47fb-82f6-729f15eed115,Inbound_Queue,peer,791.28,59.996,551.284
09:12.4,4e77d158-9903-4400-8e78-0d9a23a39875,Inbound_Queue,transfer,712.304,27.502,652.941
09:18.3,b4ad9889-08e7-4dd2-90c0-2fe3d2cb484a,Inbound_Queue,endpoint,520.447,0,340.447
09:27.8,a30a63b9-93eb-431e-b066-efc787235721,Inbound_Queue,peer,1222.6,296.796,907.874
10:12.7,0350e824-4af2-4216-90b4-0d6d6b37b894,Inbound_Queue,endpoint,196.951,0,16.951
10:41.2,3ada4c7f-b585-4818-9438-b4d5f9d61989,Inbound_Queue,transfer,2037.723,380.33,1477.393
10:44.5,38aaf3d7-da25-4a9b-9f19-6e19d73d3247,Inbound_Queue,client,1867.02,344.493,1344.561
10:48.2,6e881084-8174-4d5f-9f61-bc83d2d5027d,Inbound_Queue,peer,1016.537,165.517,671.02
10:56.4,42b03f6e-403e-4eb2-9f35-8ce33d267460,Inbound_Queue,transfer,449.699,62.232,207.467
11:19.7,502d6033-517a-49ef-b5a0-632601053d1c,Inbound_Queue,peer,1394.699,537.008,677.691
12:16.6,bf3a8e4d-82ea-4ca8-a203-f2d40f97551c,Inbound_Queue,peer,1999.534,0,1819.534
13:10.1,629c0093-a219-49a6-bcf7-aefdf84ed746,Inbound_Queue,peer,1897.519,114.395,1603.124
13:11.1,7cb2b3b9-b20b-496f-a7d1-b231ac85d46c,Inbound_Queue,endpoint,109.429,0,4.503
13:11.3,72a2b252-c880-47a3-8bef-8fe753331cfd,Inbound_Queue,peer,466.972,0,455.311
13:23.6,3a7bc04c-e444-402a-bbc9-4ddccace95cc,Inbound_Queue,peer,2223.52,1267.707,775.813
13:38.4,4f33a4b0-1d58-402b-9046-16d2157e3b77,Inbound_Queue,peer,2250.886,626.232,1444.654
13:39.8,c4580193-23d1-4a28-aebb-136c27848142,Inbound_Queue,client,637.011,0,457.011
13:50.3,2fdbdbbd-bf46-4ff2-a8d1-082d1edfef81,Inbound_Queue,endpoint,3142.998,482.492,2480.506
13:53.8,3cee4f26-b17c-4a0e-8faa-22b2f5da37a9,Inbound_Queue,peer,2118.789,531.925,1406.864
14:21.6,a9db4161-ec04-4fe1-8fa9-4645b96ff374,Inbound_Queue,peer,1425.354,657.744,594.61
14:24.4,8edfd986-7da5-4c4b-81c3-83266f2a9955,Inbound_Queue,peer,1638.584,0,1458.584
14:53.6,735df99e-ecf2-465f-9b23-af57f9816040,Inbound_Queue,peer,3521.444,1199.692,2141.752
15:11.8,8a1bfa1e-a509-4159-a617-b144da7cde68,Inbound_Queue,peer,770.621,306.117,284.504
16:25.4,fefd5888-a8c0-4c46-8061-81b2e104efb0,Inbound_Queue,peer,1077.14,0,897.14
18:15.8,d2b5db33-03d0-46a9-a8fc-13794f4d0d6a,Inbound_Queue,peer,597.191,0,417.191
18:49.5,0aa4b567-82ad-4eb3-9244-a84ac8345c32,Inbound_Queue,transfer,6465.643,1695.941,4589.702
19:00.8,eb2417e8-cb69-4cd5-a7c3-a625c808bbc8,Inbound_Queue,peer,325.225,0,145.225
19:08.2,c3557b79-457d-491d-80f5-5e2c46eb193e,Inbound_Queue,peer,1107.553,78.531,849.022
19:10.6,040166c5-a05b-4be2-9fdd-049fcd04f498,Inbound_Queue,peer,2373.995,592.196,1601.799
19:13.7,ed1fcb7a-fca8-4a39-a048-129c8ea27454,Inbound_Queue,peer,1041.868,124.101,798.108
19:39.8,991de021-0e54-4cff-a83d-793551c930d7,Inbound_Queue,peer,591.502,0,588.762
19:57.4,9e320771-73b1-4592-819a-7f022b7fb43a,Inbound_Queue,peer,2417.816,835.694,1483.122
20:18.8,7692606e-6ff5-4d86-9986-3eafe5513617,Inbound_Queue,peer,270.353,0,90.353
20:31.4,a1f6fcd7-2e96-4af8-9c5d-047878b26aa4,Inbound_Queue,peer,578.57,0,398.57
20:36.1,aa26e2bd-1385-44f0-af87-72d3e32568b4,Inbound_Queue,client,569.467,0,389.467
20:44.4,0ad1d053-a3a3-4056-a412-f4ac54609ed3,Inbound_Queue,peer,762.988,0,582.988
21:08.2,eb6e9215-042f-4f5d-9f5e-643f13daad08,Inbound_Queue,peer,844.046,65.591,774.706
21:23.3,255d569b-e1cf-46f4-bfba-88b4a69f5455,Inbound_Queue,peer,1681.1,306.525,1301.575
21:38.3,d1f986ef-1bad-4c64-9680-a3c042ffcdf3,Inbound_Queue,client,358.234,0,178.234
21:45.4,e0e99868-ae4e-4d91-a609-ad1f37391890,Inbound_Queue,peer,1210.462,338.37,733.203
22:04.4,0350e824-4af2-4216-90b4-0d6d6b37b894,Inbound_Queue,client,394.034,0,214.034
22:18.3,20b5fddc-f6b0-43c2-b435-f8d6ddf250b0,Inbound_Queue,peer,5226.372,75.102,5114.27
22:36.2,abd7e836-7c8a-42e9-98c0-25f4e65233ba,Inbound_Queue,transfer,551.556,73.459,475.097
22:56.7,bed34990-b428-4868-b4b3-e18e0980dedf,Inbound_Queue,peer,622.564,0,615.698
23:35.6,f3a9065d-c4e2-44a0-a93c-bb3495afe226,Inbound_Queue,peer,1463.654,439.245,844.409
24:37.7,eff70e56-61a1-4c81-ac40-902f099d9017,Inbound_Queue,transfer,1250.871,168.974,901.897
24:38.1,f7b69e0d-7656-439f-9383-e764e09c32ef,Inbound_Queue,peer,50.884,0,45.884
24:56.1,2dcedc95-b76c-407f-a454-c527e7b47f7a,Inbound_Queue,client,394.958,0,214.958
25:01.1,cdb24e83-c04b-4ec9-927c-1edb726f88ed,Inbound_Queue,peer,2637.917,465.958,2101.455
25:17.1,70f68240-114b-419f-835e-33728e8e262f,Inbound_Queue,peer,893.895,0,891.232
25:52.6,c3142bb9-3dc4-45c3-ab42-32d6875110ee,Inbound_Queue,client,200.47,0,20.47
25:54.4,5867c9ef-4b00-4c2e-8626-049028df8d80,Inbound_Queue,client,3659.845,1176.285,2303.56
26:20.5,1a1b0387-e91a-432b-afee-1421669d3709,Inbound_Queue,peer,958.933,0,778.933
26:26.5,37b61721-f642-4a1c-92e4-5764373107ab,Inbound_Queue,peer,4085.812,2098.859,1806.953
26:37.9,98139a66-1c8f-48e1-9954-f56f840f4d10,Inbound_Queue,peer,1326.683,750.496,569.187
26:52.3,42b03f6e-403e-4eb2-9f35-8ce33d267460,Inbound_Queue,peer,1072.458,369.922,522.536
26:53.3,46f7670a-55bd-4c83-8036-184c5b14b5fe,Inbound_Queue,peer,7530.406,1905.119,5445.287
27:04.4,02709d36-9970-4d79-bc59-6c932dfd7c2e,Inbound_Queue,client,887.677,0,707.677
27:04.5,adf0125d-22ab-480b-9a84-9d7889adb38c,Inbound_Queue,endpoint,205.426,0,25.426
27:06.6,f75f5a38-3e79-4fe2-87a4-c375235ca13a,Inbound_Queue,peer,1010.545,55.976,784.002
27:07.6,809f8e6c-6117-4ab2-9100-d3a22f659893,Inbound_Queue,peer,317.077,0,137.077
27:53.0,8716932b-1c67-4002-8a55-9c2b20eaca79,Inbound_Queue,client,3582.614,1255.842,2146.772
28:02.6,b7012e18-db86-4f79-9c20-63f445065951,Inbound_Queue,peer,2271.89,0,2091.89
29:02.7,94092f0b-90d3-45e2-b500-4debea87dfa4,Inbound_Queue,peer,2592.213,1115.919,1413.294
29:08.4,d6e29412-dfdd-45c1-a597-29a960a5c5f8,Inbound_Queue,peer,3399.774,897.644,2322.13
29:47.1,4ff996ef-9f41-4fc7-9894-333cd0364bcc,Inbound_Queue,peer,1701.475,0,1521.475
30:07.2,72a2b252-c880-47a3-8bef-8fe753331cfd,Inbound_Queue,peer,355.851,0,336.059
30:39.4,b4ad9889-08e7-4dd2-90c0-2fe3d2cb484a,Inbound_Queue,peer,506.139,199.187,126.952
31:10.5,6607042e-58ad-440e-a713-936f3bd890f6,Inbound_Queue,client,804.028,180.062,443.966
32:02.0,ab231e97-5e63-47fb-82f6-729f15eed115,Inbound_Queue,peer,1154.97,0,974.97
32:09.7,6418b087-04b0-40d8-a517-b7cc92477aed,Inbound_Queue,transfer,1393.383,9.988,1203.395
32:25.4,20c90d44-45f8-4a87-bcc2-6951039092ad,Inbound_Queue,peer,777.77,0,720.77
32:44.1,d1cd42d9-cdbb-425b-9c63-4b2de8ecc92f,Inbound_Queue,peer,1471.407,0,1291.407
33:13.0,c4580193-23d1-4a28-aebb-136c27848142,Inbound_Queue,peer,1396.859,279.436,937.423
33:40.1,6b633a32-ec20-48f4-91dd-503d459eda1f,Inbound_Queue,peer,1528.183,352.137,1021.461
34:28.0,e0fe5905-960d-46cd-ae8c-5b60b07dd531,Inbound_Queue,transfer,660.783,276.697,343.086
35:16.8,ce10f099-657a-4707-a80c-a5d10466d0ce,Inbound_Queue,peer,3332.605,382.484,2946.322
35:43.8,d1f986ef-1bad-4c64-9680-a3c042ffcdf3,Inbound_Queue,peer,304.919,0,124.919
36:12.2,6e881084-8174-4d5f-9f61-bc83d2d5027d,Inbound_Queue,peer,398.382,0,218.382
38:00.5,f7b69e0d-7656-439f-9383-e764e09c32ef,Inbound_Queue,peer,1452.884,260.249,1012.635
38:23.0,8a1bfa1e-a509-4159-a617-b144da7cde68,Inbound_Queue,client,589.329,77.064,332.265
39:14.9,0350e824-4af2-4216-90b4-0d6d6b37b894,Inbound_Queue,client,1922.125,343.441,1398.684
39:39.7,5e6b0aa5-78f6-475d-897e-fe2036aa4250,Inbound_Queue,peer,1877.846,357.275,1340.571
39:47.8,c3142bb9-3dc4-45c3-ab42-32d6875110ee,Inbound_Queue,peer,1493.238,300.753,1012.485
40:14.7,991de021-0e54-4cff-a83d-793551c930d7,Inbound_Queue,peer,506.614,0,476.637
41:40.0,6a04b882-aee7-46ae-ab7c-a897612b4f48,Inbound_Queue,peer,2459.194,689.094,1590.1
41:53.1,02709d36-9970-4d79-bc59-6c932dfd7c2e,Inbound_Queue,client,804.571,0,624.571
42:29.4,a30a63b9-93eb-431e-b066-efc787235721,Inbound_Queue,peer,2482.689,393.843,1992.846
42:35.0,87dc437c-feaf-4fd3-b1a3-5676468dae1d,Inbound_Queue,peer,553.013,0,526.013
44:57.3,7e5d301d-a5e1-499f-8423-5300e8392c5a,Inbound_Queue,peer,1016.642,76.954,937.688
45:56.6,aa26e2bd-1385-44f0-af87-72d3e32568b4,Inbound_Queue,client,1404.846,156.191,1068.655
46:31.4,d8faa74c-3219-4337-850b-fb9954a4bf2a,Inbound_Queue,client,2383.086,4.768,2198.318
47:16.6,f93467b7-b7e3-4dfd-9305-d39492513cc4,Inbound_Queue,peer,3349.899,1525.367,1821.987
47:45.6,83182297-7f24-413b-8783-8a80d4ed30c4,Inbound_Queue,peer,2977.861,177.955,2619.906
47:56.4,2dcedc95-b76c-407f-a454-c527e7b47f7a,Inbound_Queue,peer,1398.165,0,1380.184
48:11.5,abd7e836-7c8a-42e9-98c0-25f4e65233ba,Inbound_Queue,client,478.535,0,473.535
48:45.9,809f8e6c-6117-4ab2-9100-d3a22f659893,Inbound_Queue,peer,1263.628,32.338,1051.29
51:43.4,730bd0f7-b90b-46dd-b0c5-f310d4e9784a,Inbound_Queue,peer,452.305,0,272.305
51:47.2,21fe413d-41f8-4141-8c83-5e392837b340,Inbound_Queue,peer,1027.629,562.493,446.151
52:01.2,72a2b252-c880-47a3-8bef-8fe753331cfd,Inbound_Queue,peer,714.484,90.358,615.576
52:05.5,b0996dc3-b802-443c-8596-98eca7bc63f4,Inbound_Queue,peer,1644.542,218.564,1245.978
52:18.8,06131d34-d97c-4ff9-a8d0-51af3d3907c0,Inbound_Queue,peer,163.866,0,160.302
52:31.1,f024f6da-ffb2-42ab-ac8a-06bde41270df,Inbound_Queue,peer,1185.324,0,1179.573
52:37.5,59f8eea1-fc1a-4435-9cdd-65ebaecf7ada,Inbound_Queue,transfer,2543.497,1301.44,1062.057
52:51.3,c3557b79-457d-491d-80f5-5e2c46eb193e,Inbound_Queue,peer,535.558,31.12,324.438
53:36.8,9aed926c-d44e-4772-84f2-8dd68b5f85a5,Inbound_Queue,peer,1103.55,88.496,835.054
53:50.9,7e343f6a-ea29-4708-b2ba-767bf4520733,Inbound_Queue,endpoint,414.279,0,348.695
54:07.3,21e90dac-b238-4f78-a740-02b24ae01154,Inbound_Queue,peer,1825.315,415.857,1406.458
54:55.7,2f8ce95f-a182-4416-b140-458a8a0ed96c,Inbound_Queue,endpoint,183.145,0,3.145
55:02.3,ffbaedee-9796-469c-89b4-fd22cec5fff7,Inbound_Queue,peer,1570.598,0,1423.598
55:05.6,70f68240-114b-419f-835e-33728e8e262f,Inbound_Queue,peer,605.904,57.749,545.651
55:09.2,8edfd986-7da5-4c4b-81c3-83266f2a9955,Inbound_Queue,peer,721.681,0,541.681
55:18.6,02709d36-9970-4d79-bc59-6c932dfd7c2e,Inbound_Queue,client,676.917,0,576.917
55:55.7,1a1b0387-e91a-432b-afee-1421669d3709,Inbound_Queue,peer,1348.423,0,1168.423
56:05.8,6e881084-8174-4d5f-9f61-bc83d2d5027d,Inbound_Queue,peer,460.22,0,280.22
57:00.4,d2b5db33-03d0-46a9-a8fc-13794f4d0d6a,Inbound_Queue,peer,1515.262,574.313,760.949
57:03.9,df4e932b-8d7f-4e00-8d45-18eef77126a3,Inbound_Queue,peer,4272.531,229.296,3863.235
57:05.3,3ada4c7f-b585-4818-9438-b4d5f9d61989,Inbound_Queue,endpoint,128.641,0,96.975
57:06.5,6607042e-58ad-440e-a713-936f3bd890f6,Inbound_Queue,peer,2049.952,33.825,1836.127
58:03.5,4e77d158-9903-4400-8e78-0d9a23a39875,Inbound_Queue,peer,566.612,49.181,465.431
58:05.6,57fe1954-e706-4ac9-a693-8f0d8b5faa5d,Inbound_Queue,peer,694.765,184.828,329.937
58:10.2,8f1636c7-6256-4cd8-b997-bda87fc62a81,Inbound_Queue,peer,3982.509,2013.111,1789.398
58:27.6,193caf00-bddc-4964-a034-44837daa3bb3,Inbound_Queue,peer,1308.993,250.271,878.722
58:35.3,eb2417e8-cb69-4cd5-a7c3-a625c808bbc8,Inbound_Queue,peer,2227.913,879.499,1168.414
59:00.7,5e684929-3b8d-47d4-926e-4ad7d09388ce,Inbound_Queue,client,62.273,1.109,32.164
59:00.8,eff70e56-61a1-4c81-ac40-902f099d9017,Inbound_Queue,peer,1352.926,376.068,796.858
59:05.1,bf3a8e4d-82ea-4ca8-a203-f2d40f97551c,Inbound_Queue,transfer,1078.679,12.35,886.329
59:06.4,f75f5a38-3e79-4fe2-87a4-c375235ca13a,Inbound_Queue,peer,191.631,0,11.631
59:15.3,14d7a297-4253-44e8-a34f-68bcd9819814,Inbound_Queue,peer,2023.31,211.916,1807.506
59:26.1,8a1bfa1e-a509-4159-a617-b144da7cde68,Inbound_Queue,peer,1137.555,269.879,687.676
59:42.7,991de021-0e54-4cff-a83d-793551c930d7,Inbound_Queue,client,838.964,390.764,375.2
59:44.1,adf0125d-22ab-480b-9a84-9d7889adb38c,Inbound_Queue,peer,187.406,0,7.406
00:24.0,036312a0-c289-46d9-b602-d686886d3728,Inbound_Queue,peer,2084.673,1037.531,1044.284
00:51.0,0496289e-0ec0-4060-a396-eb01ed3b22d7,Inbound_Queue,peer,711.625,0,531.625
01:00.1,c9167e6d-1661-460e-bca6-da35ecb2866d,Inbound_Queue,peer,131.506,0,59.947
02:09.8,610d92c5-8f00-4f56-b1ad-4ace5c1acc58,Inbound_Queue,peer,977.436,11.768,785.668
02:24.1,3a7bc04c-e444-402a-bbc9-4ddccace95cc,Inbound_Queue,peer,826.487,0,646.487
02:27.2,ab231e97-5e63-47fb-82f6-729f15eed115,Inbound_Queue,peer,677.241,0,497.241
03:03.7,87dc437c-feaf-4fd3-b1a3-5676468dae1d,Inbound_Queue,peer,703.488,0,576.488
03:13.4,e9a52a16-8aed-4650-ae12-008a27de3264,Inbound_Queue,transfer,549.62,44.961,324.659
03:23.9,457eb428-bc02-4f52-b77d-e63756825e07,Inbound_Queue,peer,1695.059,23.333,1491.726
04:15.4,54ea8c3b-6ecf-4585-9f16-e952cd6b249b,Inbound_Queue,peer,1277.187,133.049,1109.138
04:18.3,b0f01320-84cb-4f99-85df-7e44bba5baba,Inbound_Queue,peer,798.839,69.887,727.272
04:19.8,502d6033-517a-49ef-b5a0-632601053d1c,Inbound_Queue,peer,1678.053,561.536,936.517
04:44.4,20c90d44-45f8-4a87-bcc2-6951039092ad,Inbound_Queue,peer,303.121,0,298.309
05:06.0,42b03f6e-403e-4eb2-9f35-8ce33d267460,Inbound_Queue,peer,1153.981,338.515,635.466
05:06.3,a9db4161-ec04-4fe1-8fa9-4645b96ff374,Inbound_Queue,peer,3072.782,253.101,2639.681
05:07.8,6418b087-04b0-40d8-a517-b7cc92477aed,Inbound_Queue,client,2614.44,210.767,2223.959
05:31.0,e9d88d3f-b816-407b-be29-e652e1ac8720,Inbound_Queue,peer,503.969,0,488.969
06:05.0,91ea72ce-e8d9-427c-911e-69db9d3eca9b,Inbound_Queue,client,49.706,0,40.706
06:09.0,eb6e9215-042f-4f5d-9f5e-643f13daad08,Inbound_Queue,peer,1054.214,80.498,968.992
06:13.2,4ff996ef-9f41-4fc7-9894-333cd0364bcc,Inbound_Queue,peer,1304.189,0,1124.189
07:16.3,02709d36-9970-4d79-bc59-6c932dfd7c2e,Inbound_Queue,client,1598.073,0,1418.073
07:20.9,53d692a1-d4da-4d9d-a256-33737d264b15,Inbound_Queue,peer,1664.742,200.008,1454.734
08:09.6,6ddb2b56-0b3e-4a47-89f0-d49e23dcd237,Inbound_Queue,peer,670.889,0,668.889
08:11.2,98139a66-1c8f-48e1-9954-f56f840f4d10,Inbound_Queue,peer,293.609,0,289.609
08:12.6,0d7185ba-bb22-4cd1-980f-7ef567a7e79c,Inbound_Queue,peer,355.136,1.887,348.358
08:27.4,629c0093-a219-49a6-bcf7-aefdf84ed746,Inbound_Queue,peer,515.318,13.715,321.603
08:35.3,e974e08f-6dff-4187-a7c2-e21cad1e7452,Inbound_Queue,peer,3220.044,59.113,3156.931
08:46.4,7e343f6a-ea29-4708-b2ba-767bf4520733,Inbound_Queue,peer,1585.596,318.386,1264.642
08:47.2,c4580193-23d1-4a28-aebb-136c27848142,Inbound_Queue,peer,521.899,0,341.899
09:08.5,1a84cf8f-6efc-4f95-a0bb-89f4d017a800,Inbound_Queue,peer,1763.792,117.152,1466.64
09:22.6,730bd0f7-b90b-46dd-b0c5-f310d4e9784a,Inbound_Queue,peer,337.091,0,157.091
09:28.0,660ed913-79ce-44af-8bad-77d1b6bff891,Inbound_Queue,peer,1119.692,152.058,787.634
10:05.7,c3557b79-457d-491d-80f5-5e2c46eb193e,Inbound_Queue,peer,1195.327,142.644,872.683
10:15.1,7e5d301d-a5e1-499f-8423-5300e8392c5a,Inbound_Queue,client,218.913,0.63,215.57
12:15.2,f7b69e0d-7656-439f-9383-e764e09c32ef,Inbound_Queue,peer,479.722,0,299.722
12:20.5,5e684929-3b8d-47d4-926e-4ad7d09388ce,Inbound_Queue,peer,2041.496,511.633,1511.909
12:21.6,adf0125d-22ab-480b-9a84-9d7889adb38c,Inbound_Queue,endpoint,229.389,0,49.389
13:42.6,c9167e6d-1661-460e-bca6-da35ecb2866d,Inbound_Queue,peer,1886.781,621.261,1085.52
14:10.0,6e881084-8174-4d5f-9f61-bc83d2d5027d,Inbound_Queue,peer,1481.944,0,1301.944
14:27.8,72a2b252-c880-47a3-8bef-8fe753331cfd,Inbound_Queue,peer,833.521,0,653.521
14:43.7,725f01db-66fe-4dc6-a990-93a7a68bf8d3,Inbound_Queue,peer,4806.212,1818.58,2980.632
14:47.0,c3142bb9-3dc4-45c3-ab42-32d6875110ee,Inbound_Queue,peer,1509.599,310.312,1019.287
15:41.0,2f8ce95f-a182-4416-b140-458a8a0ed96c,Inbound_Queue,client,190.426,0,10.426
15:42.4,70f68240-114b-419f-835e-33728e8e262f,Inbound_Queue,peer,1105.694,0,1101.694
16:03.2,af512203-3ea2-48d5-bbf5-e46ae915d4d8,Inbound_Queue,peer,1831.029,0,1651.029
16:05.5,8edfd986-7da5-4c4b-81c3-83266f2a9955,Inbound_Queue,transfer,3555.664,4.757,3370.907
16:32.9,f0b45afb-1194-4ce8-8e8e-356c8c4a5474,Inbound_Queue,peer,1237.438,0,1057.438
16:54.9,3cee4f26-b17c-4a0e-8faa-22b2f5da37a9,Inbound_Queue,endpoint,296.014,0,257.014
17:10.2,d7676e0c-8f59-428a-b165-4fa63b4f8db9,Inbound_Queue,peer,818.943,0,638.943
17:21.8,cdb24e83-c04b-4ec9-927c-1edb726f88ed,Inbound_Queue,peer,1208.077,161.781,1032.296
17:36.2,e47ca893-1edc-49e9-b0bd-58cde8182443,Inbound_Queue,transfer,481.13,9.042,415.384
17:45.6,42c439e6-9c60-48e5-b0a4-46e49c341158,Inbound_Queue,peer,884.674,0,704.674
18:42.4,57fe1954-e706-4ac9-a693-8f0d8b5faa5d,Inbound_Queue,peer,885.803,0,800.188
18:57.3,ff00ba56-0613-4822-836a-3663ff476a32,Inbound_Queue,peer,594.45,5.543,580.292
19:23.1,f3a9065d-c4e2-44a0-a93c-bb3495afe226,Inbound_Queue,client,517.039,0,337.039
19:29.9,94092f0b-90d3-45e2-b500-4debea87dfa4,Inbound_Queue,peer,1439.005,659.812,762.193
19:43.9,0544876f-4db0-46be-9f60-752ec4413636,Inbound_Queue,peer,167.668,0,143.82
19:49.0,0496289e-0ec0-4060-a396-eb01ed3b22d7,Inbound_Queue,peer,1886.816,371.012,1335.804
20:39.7,98139a66-1c8f-48e1-9954-f56f840f4d10,Inbound_Queue,peer,379.935,0.752,376.441
21:16.3,397cbba2-3e6a-41d8-84bb-bb4c8775bea0,Inbound_Queue,transfer,781.944,16.229,761.871
22:19.9,735df99e-ecf2-465f-9b23-af57f9816040,Inbound_Queue,peer,958.38,447.969,330.411
23:19.9,991de021-0e54-4cff-a83d-793551c930d7,Inbound_Queue,endpoint,1497.777,72.972,1244.805
23:22.3,ab231e97-5e63-47fb-82f6-729f15eed115,Inbound_Queue,peer,1602.734,0,1422.734
23:34.6,7e5d301d-a5e1-499f-8423-5300e8392c5a,Inbound_Queue,peer,492.766,35.751,454.352
23:43.6,0d7185ba-bb22-4cd1-980f-7ef567a7e79c,Inbound_Queue,peer,1610.697,401.805,1182.241
24:33.2,816d5491-7217-4602-9ccb-5da5112dfac8,Inbound_Queue,client,425.584,0,422.985
24:50.3,87dc437c-feaf-4fd3-b1a3-5676468dae1d,Inbound_Queue,peer,1694.665,129.014,1385.651
24:55.0,9f3dbb17-1a42-45f6-b59c-c47b90a8a36e,Inbound_Queue,peer,1281.429,155.041,1123.388
25:39.9,4e77d158-9903-4400-8e78-0d9a23a39875,Inbound_Queue,peer,1416.549,287.352,1043.197
25:42.9,49196b79-8854-4fa5-ab83-e3f2eed52695,Inbound_Queue,peer,376.143,0,364.34
26:00.0,160993fa-c10c-47f8-ab0e-3604b4f1c927,Inbound_Queue,peer,1717.651,284.237,1253.414
26:39.6,ea63a7f4-000e-44c3-9a17-c94ba222767e,Inbound_Queue,peer,1019.229,0,839.229
26:50.0,1c2a0e5d-c17e-4919-9546-46d2d792021a,Inbound_Queue,transfer,2004.108,399.486,1424.622
27:35.6,06131d34-d97c-4ff9-a8d0-51af3d3907c0,Inbound_Queue,peer,1985.246,299.763,1682.807
29:04.3,84eca844-80a4-4c06-b2f3-a9317ba97d9a,Inbound_Queue,peer,824.214,0,815.214
30:23.7,4f33a4b0-1d58-402b-9046-16d2157e3b77,Inbound_Queue,peer,3190.83,355.496,2832.351
30:41.5,3a7bc04c-e444-402a-bbc9-4ddccace95cc,Inbound_Queue,peer,423.245,0,243.245
31:02.6,52e08b91-dc97-48b3-bbc5-bd48451ead22,Inbound_Queue,peer,139.235,0,49.235
31:03.1,629c0093-a219-49a6-bcf7-aefdf84ed746,Inbound_Queue,peer,461.239,30.973,281.346
31:14.9,bf3a8e4d-82ea-4ca8-a203-f2d40f97551c,Inbound_Queue,peer,1539.629,0,1359.629
32:17.5,f75f5a38-3e79-4fe2-87a4-c375235ca13a,Inbound_Queue,peer,1173.038,0,993.038
32:24.3,b0f01320-84cb-4f99-85df-7e44bba5baba,Inbound_Queue,peer,597.887,1.939,590.948
32:27.2,1a1b0387-e91a-432b-afee-1421669d3709,Inbound_Queue,peer,2214.207,0,2034.207
32:44.3,2f8ce95f-a182-4416-b140-458a8a0ed96c,Inbound_Queue,peer,944.168,232.962,531.206
32:44.9,809f8e6c-6117-4ab2-9100-d3a22f659893,Inbound_Queue,peer,1053.354,0,873.354
32:51.0,f7b69e0d-7656-439f-9383-e764e09c32ef,Inbound_Queue,peer,1532.01,660.282,864.728
34:11.0,4ff996ef-9f41-4fc7-9894-333cd0364bcc,Inbound_Queue,peer,664.157,0,484.157
35:22.2,02709d36-9970-4d79-bc59-6c932dfd7c2e,Inbound_Queue,client,1536.849,0,1356.849
35:50.8,193caf00-bddc-4964-a034-44837daa3bb3,Inbound_Queue,peer,704.574,0,524.574
36:10.2,3bef7e85-6652-41ba-986c-d1793b5ae19a,Inbound_Queue,client,3355.744,169.661,3183.35
36:18.7,ffbaedee-9796-469c-89b4-fd22cec5fff7,Inbound_Queue,peer,385.315,0,260.617
37:01.6,d2b5db33-03d0-46a9-a8fc-13794f4d0d6a,Inbound_Queue,peer,1784.76,700.386,904.374
37:04.2,3ada4c7f-b585-4818-9438-b4d5f9d61989,Inbound_Queue,endpoint,413.306,0,295.306
37:15.4,0544876f-4db0-46be-9f60-752ec4413636,Inbound_Queue,peer,2912.837,1132.884,1599.953
37:22.5,6a04b882-aee7-46ae-ab7c-a897612b4f48,Inbound_Queue,peer,1295.405,0,1115.405
37:43.0,2f53e641-1a22-489b-afd5-efdd7017c3df,Inbound_Queue,peer,198.606,0,18.606
38:36.7,c0a8c863-7b54-4c09-aad8-0bd6dc4f2544,Inbound_Queue,peer,7848.845,21.719,7647.126
38:48.3,7692606e-6ff5-4d86-9986-3eafe5513617,Inbound_Queue,client,1272.855,753.634,339.221
39:02.1,a30a63b9-93eb-431e-b066-efc787235721,Inbound_Queue,peer,5181.781,712.722,4456.212
39:35.8,42b03f6e-403e-4eb2-9f35-8ce33d267460,Inbound_Queue,peer,1516.766,472.582,864.184
40:32.6,ed1fcb7a-fca8-4a39-a048-129c8ea27454,Inbound_Queue,peer,837.067,83.13,587.023
40:36.2,e47ca893-1edc-49e9-b0bd-58cde8182443,Inbound_Queue,transfer,696.166,180.562,505.604
40:43.9,d8faa74c-3219-4337-850b-fb9954a4bf2a,Inbound_Queue,client,2867.791,681.537,2006.254
41:02.8,b0996dc3-b802-443c-8596-98eca7bc63f4,Inbound_Queue,peer,804.792,0,624.792
41:20.9,38aaf3d7-da25-4a9b-9f19-6e19d73d3247,Inbound_Queue,client,599.488,0,453.488
41:35.7,a35eadcd-a709-4b9a-8d6c-710ceec42f56,Inbound_Queue,endpoint,4006.868,0,3826.868
41:56.1,b8b5a757-7176-499d-b93d-8feebb36c09f,Inbound_Queue,peer,1747.106,173.091,1571.116
42:00.9,1de5336c-7f42-4615-8c87-4ac11784ee8f,Inbound_Queue,transfer,675.221,0,650.435
42:54.3,91ea72ce-e8d9-427c-911e-69db9d3eca9b,Inbound_Queue,peer,1548.483,270.631,1265.171
43:05.1,58eea8b2-12ef-4e44-b229-af25799ac3bb,Inbound_Queue,peer,563.497,0,383.497
43:36.0,e9a52a16-8aed-4650-ae12-008a27de3264,Inbound_Queue,peer,1259.996,503.467,576.529
43:47.4,2dcedc95-b76c-407f-a454-c527e7b47f7a,Inbound_Queue,peer,1474.402,213.92,1222.482
43:53.5,730bd0f7-b90b-46dd-b0c5-f310d4e9784a,Inbound_Queue,peer,1950.251,169.003,1601.248
43:59.7,c3557b79-457d-491d-80f5-5e2c46eb193e,Inbound_Queue,peer,2483.562,678.209,1648.447
44:34.3,11198704-25fa-4c04-8371-77d2253d8ca9,Inbound_Queue,peer,870.815,162.982,527.833
44:46.4,0ad1d053-a3a3-4056-a412-f4ac54609ed3,Inbound_Queue,peer,1583.487,181.255,1222.232
45:04.8,635c4df8-045d-4be4-bc5d-673938b9ee60,Inbound_Queue,peer,403.394,0,399.519
45:17.4,5e6b0aa5-78f6-475d-897e-fe2036aa4250,Inbound_Queue,peer,336.245,0,156.245
45:24.6,8261bb15-26ea-48f4-b5e8-686de8c5ccea,Inbound_Queue,peer,642.155,0,640.155
45:26.4,816d5491-7217-4602-9ccb-5da5112dfac8,Inbound_Queue,peer,1635.559,63.567,1568.992
45:58.5,bed34990-b428-4868-b4b3-e18e0980dedf,Inbound_Queue,transfer,285.537,152.864,110.673
46:04.4,7e5d301d-a5e1-499f-8423-5300e8392c5a,Inbound_Queue,peer,1099.875,144.582,953.293
47:09.4,49196b79-8854-4fa5-ab83-e3f2eed52695,Inbound_Queue,peer,2099.124,1085.732,833.392
47:12.6,52e08b91-dc97-48b3-bbc5-bd48451ead22,Inbound_Queue,peer,253.162,21.078,166.399
47:21.0,57fe1954-e706-4ac9-a693-8f0d8b5faa5d,Inbound_Queue,peer,288.64,0,108.64
47:25.8,5867c9ef-4b00-4c2e-8626-049028df8d80,Inbound_Queue,transfer,237.887,0,57.887
47:36.4,397cbba2-3e6a-41d8-84bb-bb4c8775bea0,Inbound_Queue,peer,1369.989,226.827,1136.162
47:41.6,21fe413d-41f8-4141-8c83-5e392837b340,Inbound_Queue,client,95.438,0,89.686
49:06.9,036312a0-c289-46d9-b602-d686886d3728,Inbound_Queue,transfer,1655.161,281.805,1367.711
49:53.5,a1f6fcd7-2e96-4af8-9c5d-047878b26aa4,Inbound_Queue,peer,566.47,0,386.47
51:00.6,8a1bfa1e-a509-4159-a617-b144da7cde68,Inbound_Queue,client,190.198,0,10.198
51:21.9,1458ae06-af72-43d9-bc11-5c8d39b0e0c4,Inbound_Queue,peer,2986.07,531.296,2449.094
51:27.4,cdb24e83-c04b-4ec9-927c-1edb726f88ed,Inbound_Queue,peer,1057.38,372.366,634.014
51:28.6,3a7bc04c-e444-402a-bbc9-4ddccace95cc,Inbound_Queue,peer,314.138,0,134.138
51:44.4,735df99e-ecf2-465f-9b23-af57f9816040,Inbound_Queue,peer,565.981,0,385.981
51:57.0,b4ad9889-08e7-4dd2-90c0-2fe3d2cb484a,Inbound_Queue,peer,2328.067,1146.809,1001.258
52:36.3,1a84cf8f-6efc-4f95-a0bb-89f4d017a800,Inbound_Queue,peer,405.373,0,225.373
53:03.3,629c0093-a219-49a6-bcf7-aefdf84ed746,Inbound_Queue,peer,585.686,0,405.686
53:32.4,9aed926c-d44e-4772-84f2-8dd68b5f85a5,Inbound_Queue,peer,1917.052,894.318,842.734
53:37.0,eb2417e8-cb69-4cd5-a7c3-a625c808bbc8,Inbound_Queue,peer,1055.217,357.295,653.922
53:43.0,ffbaedee-9796-469c-89b4-fd22cec5fff7,Inbound_Queue,transfer,913.972,210.296,555.698
54:22.7,84eca844-80a4-4c06-b2f3-a9317ba97d9a,Inbound_Queue,peer,1120.555,0,953.555
54:48.6,f93467b7-b7e3-4dfd-9305-d39492513cc4,Inbound_Queue,peer,1824.171,696.735,1116.436
55:05.2,d7676e0c-8f59-428a-b165-4fa63b4f8db9,Inbound_Queue,client,104.659,0,86.696
55:36.5,c3142bb9-3dc4-45c3-ab42-32d6875110ee,Inbound_Queue,peer,396.065,0,216.065
55:48.2,70f68240-114b-419f-835e-33728e8e262f,Inbound_Queue,peer,1659.324,0,1656.324
56:24.6,ce10f099-657a-4707-a80c-a5d10466d0ce,Inbound_Queue,peer,472.905,0,468.905
56:31.7,610d92c5-8f00-4f56-b1ad-4ace5c1acc58,Inbound_Queue,peer,1451.809,169.261,1102.548
56:33.6,f024f6da-ffb2-42ab-ac8a-06bde41270df,Inbound_Queue,peer,2952.181,54.872,2866.593
56:53.5,c9167e6d-1661-460e-bca6-da35ecb2866d,Inbound_Queue,peer,2165.957,333.19,1652.767
56:54.1,98139a66-1c8f-48e1-9954-f56f840f4d10,Inbound_Queue,peer,769.049,168.777,598.648
57:25.1,502d6033-517a-49ef-b5a0-632601053d1c,Inbound_Queue,endpoint,82.917,0,4.917
57:27.2,adf0125d-22ab-480b-9a84-9d7889adb38c,Inbound_Queue,client,2306.042,0,2126.042
57:45.7,d1cd42d9-cdbb-425b-9c63-4b2de8ecc92f,Inbound_Queue,peer,1506.815,0,1326.815
57:48.7,d1f986ef-1bad-4c64-9680-a3c042ffcdf3,Inbound_Queue,client,939.789,454.075,305.714
57:55.8,9f3dbb17-1a42-45f6-b59c-c47b90a8a36e,Inbound_Queue,transfer,3069.211,381.865,2684.346
58:41.8,5e684929-3b8d-47d4-926e-4ad7d09388ce,Inbound_Queue,peer,1517.187,0,1495.187
58:48.7,fefd5888-a8c0-4c46-8061-81b2e104efb0,Inbound_Queue,peer,769.845,150.08,439.765
58:58.9,af512203-3ea2-48d5-bbf5-e46ae915d4d8,Inbound_Queue,peer,3049.184,0,2869.184
00:10.2,2adad817-f8f6-4b84-876b-7f2153a1232e,Inbound_Queue,peer,214.926,0,151.371
01:16.0,f2411143-83df-4206-90cd-7028e4b3be2d,Inbound_Queue,peer,249.402,0,164.402
01:47.8,193caf00-bddc-4964-a034-44837daa3bb3,Inbound_Queue,peer,559.546,0,379.546
02:03.3,abd7e836-7c8a-42e9-98c0-25f4e65233ba,Inbound_Queue,peer,2478.622,175.394,2301.228
02:25.8,4e77d158-9903-4400-8e78-0d9a23a39875,Inbound_Queue,peer,355.492,0,316.492
03:39.9,21fe413d-41f8-4141-8c83-5e392837b340,Inbound_Queue,transfer,1051.654,88.153,960.501
04:23.2,53d692a1-d4da-4d9d-a256-33737d264b15,Inbound_Queue,peer,1269.696,0,1089.696
04:41.7,20b5fddc-f6b0-43c2-b435-f8d6ddf250b0,Inbound_Queue,client,33.232,0,28.232
05:18.5,ab231e97-5e63-47fb-82f6-729f15eed115,Inbound_Queue,peer,901.083,0,721.083
05:59.3,37b61721-f642-4a1c-92e4-5764373107ab,Inbound_Queue,peer,1536.5,0,1356.5
06:17.9,e9d88d3f-b816-407b-be29-e652e1ac8720,Inbound_Queue,client,997.952,2.528,991.912
06:49.9,59f8eea1-fc1a-4435-9cdd-65ebaecf7ada,Inbound_Queue,peer,481.374,0,301.374
07:45.4,d5486df6-8847-4eeb-ab47-076356427abf,Inbound_Queue,peer,1096.528,352.836,563.692
08:25.5,5e6b0aa5-78f6-475d-897e-fe2036aa4250,Inbound_Queue,transfer,2427.552,203.797,2043.755
08:33.0,38aaf3d7-da25-4a9b-9f19-6e19d73d3247,Inbound_Queue,client,1377.363,284.797,962.877
08:41.6,52e08b91-dc97-48b3-bbc5-bd48451ead22,Inbound_Queue,peer,470.26,0,386.26
08:43.7,597bddf4-8a4a-4349-af69-fd25a3e396a3,Inbound_Queue,peer,3024.06,0,2844.06
08:52.8,635c4df8-045d-4be4-bc5d-673938b9ee60,Inbound_Queue,peer,352.202,3.229,345.132
09:27.0,b16a44d9-b58a-49ff-bc25-8155079eac20,Inbound_Queue,client,213.762,0,33.762
09:48.5,b0f01320-84cb-4f99-85df-7e44bba5baba,Inbound_Queue,peer,2662.654,198.632,2445.328
09:53.3,57fe1954-e706-4ac9-a693-8f0d8b5faa5d,Inbound_Queue,peer,312.301,0,281.301
10:47.5,e47ca893-1edc-49e9-b0bd-58cde8182443,Inbound_Queue,peer,1108.461,445.4,505.396
11:05.7,4ff996ef-9f41-4fc7-9894-333cd0364bcc,Inbound_Queue,client,123.728,0,35.757
11:25.0,6607042e-58ad-440e-a713-936f3bd890f6,Inbound_Queue,peer,4504.074,850.416,3473.658
11:28.5,8a1bfa1e-a509-4159-a617-b144da7cde68,Inbound_Queue,peer,1070.436,0,890.436
12:01.1,6e881084-8174-4d5f-9f61-bc83d2d5027d,Inbound_Queue,peer,970.799,0,790.799
13:05.4,b0996dc3-b802-443c-8596-98eca7bc63f4,Inbound_Queue,peer,1696.722,310.974,1205.748
13:14.3,ed1fcb7a-fca8-4a39-a048-129c8ea27454,Inbound_Queue,peer,631.347,0,478.347
13:23.1,58eea8b2-12ef-4e44-b229-af25799ac3bb,Inbound_Queue,endpoint,754.092,190.176,383.916
13:25.1,160993fa-c10c-47f8-ab0e-3604b4f1c927,Inbound_Queue,peer,1220.925,210.535,830.39
13:28.2,bed34990-b428-4868-b4b3-e18e0980dedf,Inbound_Queue,client,380.28,0,376.534
14:22.6,0c0ef954-5e4b-4029-b7b5-2348b25edf2e,Inbound_Queue,peer,3584.128,1369.728,2034.4
15:01.8,8261bb15-26ea-48f4-b5e8-686de8c5ccea,Inbound_Queue,peer,1656.377,193.202,1460.324
15:25.7,a9db4161-ec04-4fe1-8fa9-4645b96ff374,Inbound_Queue,client,566.992,0,386.992
16:18.4,d7676e0c-8f59-428a-b165-4fa63b4f8db9,Inbound_Queue,peer,202.331,0,22.331
16:27.2,d6e29412-dfdd-45c1-a597-29a960a5c5f8,Inbound_Queue,peer,1501.462,0,1321.462
16:52.4,9dd55310-22d1-4746-99af-6de42bd7254c,Inbound_Queue,client,3806.595,0,3626.595
17:05.3,6a04b882-aee7-46ae-ab7c-a897612b4f48,Inbound_Queue,peer,1251.296,119.578,951.718
17:12.2,11198704-25fa-4c04-8371-77d2253d8ca9,Inbound_Queue,peer,1909.587,172.435,1557.152
17:16.2,a1f6fcd7-2e96-4af8-9c5d-047878b26aa4,Inbound_Queue,peer,1534.277,329.581,1061.696
17:44.4,1a84cf8f-6efc-4f95-a0bb-89f4d017a800,Inbound_Queue,peer,1774.236,746.367,847.869
17:47.6,7692606e-6ff5-4d86-9986-3eafe5513617,Inbound_Queue,peer,659.932,0,479.932
17:49.2,1c2a0e5d-c17e-4919-9546-46d2d792021a,Inbound_Queue,peer,749.046,0,569.046
18:02.5,2fdbdbbd-bf46-4ff2-a8d1-082d1edfef81,Inbound_Queue,peer,203.485,0,23.485
18:42.8,6b633a32-ec20-48f4-91dd-503d459eda1f,Inbound_Queue,peer,1195.585,269.197,899.388
18:56.6,9e320771-73b1-4592-819a-7f022b7fb43a,Inbound_Queue,peer,22.124,0,18.528
19:02.1,040166c5-a05b-4be2-9fdd-049fcd04f498,Inbound_Queue,peer,999.26,465.467,353.793
19:03.0,e974e08f-6dff-4187-a7c2-e21cad1e7452,Inbound_Queue,peer,331.634,1.328,328.306
19:40.4,629c0093-a219-49a6-bcf7-aefdf84ed746,Inbound_Queue,peer,533.606,0,353.606
19:45.5,2adad817-f8f6-4b84-876b-7f2153a1232e,Inbound_Queue,peer,1136.547,0,1124.988
20:27.5,255d569b-e1cf-46f4-bfba-88b4a69f5455,Inbound_Queue,peer,1137.78,31.266,1102.514
20:36.0,2dcedc95-b76c-407f-a454-c527e7b47f7a,Inbound_Queue,peer,634.336,75.184,379.152
21:06.4,1de5336c-7f42-4615-8c87-4ac11784ee8f,Inbound_Queue,transfer,2771.954,1051.622,1713.332
21:45.1,98139a66-1c8f-48e1-9954-f56f840f4d10,Inbound_Queue,peer,1511.07,813.564,693.506
22:04.7,3cee4f26-b17c-4a0e-8faa-22b2f5da37a9,Inbound_Queue,peer,2584.082,685.631,1851.733
22:30.9,94092f0b-90d3-45e2-b500-4debea87dfa4,Inbound_Queue,peer,863.369,77.166,775.316
22:38.0,397cbba2-3e6a-41d8-84bb-bb4c8775bea0,Inbound_Queue,peer,674.559,203.9,465.903
22:40.5,0350e824-4af2-4216-90b4-0d6d6b37b894,Inbound_Queue,peer,207.446,0,27.446
22:48.9,b8b5a757-7176-499d-b93d-8feebb36c09f,Inbound_Queue,peer,1719.617,1.982,1713.79
23:35.0,0ad1d053-a3a3-4056-a412-f4ac54609ed3,Inbound_Queue,peer,2692.483,540.86,1971.623
24:01.3,83182297-7f24-413b-8783-8a80d4ed30c4,Inbound_Queue,peer,1639.77,0,1459.77
24:28.4,fefd5888-a8c0-4c46-8061-81b2e104efb0,Inbound_Queue,peer,1444.398,439.871,824.527
24:55.2,42c439e6-9c60-48e5-b0a4-46e49c341158,Inbound_Queue,client,1272.185,0,1092.185
24:56.4,816d5491-7217-4602-9ccb-5da5112dfac8,Inbound_Queue,peer,590.8,0,588.201
25:01.6,84eca844-80a4-4c06-b2f3-a9317ba97d9a,Inbound_Queue,peer,753.455,87.93,485.525
25:05.1,8f1636c7-6256-4cd8-b997-bda87fc62a81,Inbound_Queue,peer,1866.103,366.418,1319.685
25:11.3,4ff996ef-9f41-4fc7-9894-333cd0364bcc,Inbound_Queue,peer,557.522,0,377.522
25:13.9,660ed913-79ce-44af-8bad-77d1b6bff891,Inbound_Queue,client,2359.303,609.648,1569.655
25:30.4,f7f9c471-4578-4226-869b-58f17ffcb657,Inbound_Queue,peer,691.794,0,511.794
25:47.2,d1f986ef-1bad-4c64-9680-a3c042ffcdf3,Inbound_Queue,client,1286.067,224.654,881.413
26:06.7,e0e99868-ae4e-4d91-a609-ad1f37391890,Inbound_Queue,transfer,457.568,11.424,294.144
26:42.8,635c4df8-045d-4be4-bc5d-673938b9ee60,Inbound_Queue,client,262.661,0,256.942
26:54.6,59f8eea1-fc1a-4435-9cdd-65ebaecf7ada,Inbound_Queue,peer,1577.635,731.434,666.201
27:01.3,193caf00-bddc-4964-a034-44837daa3bb3,Inbound_Queue,client,198.113,0,18.113
27:16.5,20c90d44-45f8-4a87-bcc2-6951039092ad,Inbound_Queue,transfer,608.51,0,598.51
27:18.4,730bd0f7-b90b-46dd-b0c5-f310d4e9784a,Inbound_Queue,peer,2296.549,0,2116.549
27:23.7,8716932b-1c67-4002-8a55-9c2b20eaca79,Inbound_Queue,client,1157.998,82.353,895.645
27:27.4,52e08b91-dc97-48b3-bbc5-bd48451ead22,Inbound_Queue,peer,1706.611,515.499,1182.112
27:29.7,4e77d158-9903-4400-8e78-0d9a23a39875,Inbound_Queue,client,277.494,0,257.494
27:30.3,036312a0-c289-46d9-b602-d686886d3728,Inbound_Queue,peer,5126.987,672.409,4452.578
27:31.8,eff70e56-61a1-4c81-ac40-902f099d9017,Inbound_Queue,peer,1314.384,351.029,783.355
28:28.7,b7012e18-db86-4f79-9c20-63f445065951,Inbound_Queue,peer,813.933,0,633.933
29:20.5,9e320771-73b1-4592-819a-7f022b7fb43a,Inbound_Queue,peer,158.19,0,146.451
30:27.3,ea63a7f4-000e-44c3-9a17-c94ba222767e,Inbound_Queue,peer,1396.064,288.84,927.224
30:57.7,7e5d301d-a5e1-499f-8423-5300e8392c5a,Inbound_Queue,peer,990.124,108.906,879.638
31:11.3,ce10f099-657a-4707-a80c-a5d10466d0ce,Inbound_Queue,peer,450.038,0,441.038
31:24.5,bed34990-b428-4868-b4b3-e18e0980dedf,Inbound_Queue,peer,677.3,103.706,570.594
31:43.4,c4580193-23d1-4a28-aebb-136c27848142,Inbound_Queue,peer,1882.337,681.444,1020.893
32:20.5,aa26e2bd-1385-44f0-af87-72d3e32568b4,Inbound_Queue,client,1162.425,0,982.425
33:11.7,610d92c5-8f00-4f56-b1ad-4ace5c1acc58,Inbound_Queue,transfer,469.27,4.728,365.906
33:33.3,a4ca4f9f-4cb0-4145-9b33-1bafc45fc1ff,Inbound_Queue,peer,2987.379,1063.8,1743.579
34:00.1,2fdbdbbd-bf46-4ff2-a8d1-082d1edfef81,Inbound_Queue,peer,1658.299,541.163,937.136
34:47.7,06131d34-d97c-4ff9-a8d0-51af3d3907c0,Inbound_Queue,peer,1884.015,664.812,1217.203
35:24.3,d1cd42d9-cdbb-425b-9c63-4b2de8ecc92f,Inbound_Queue,transfer,1151.05,317.532,653.518
35:27.7,1a1b0387-e91a-432b-afee-1421669d3709,Inbound_Queue,peer,463.944,0,283.944
36:03.6,70f68240-114b-419f-835e-33728e8e262f,Inbound_Queue,peer,1069.438,0,1067.438
36:26.6,21fe413d-41f8-4141-8c83-5e392837b340,Inbound_Queue,peer,896.538,312.878,564.66
36:45.7,4f33a4b0-1d58-402b-9046-16d2157e3b77,Inbound_Queue,client,456.428,0,276.428
36:51.8,ed1fcb7a-fca8-4a39-a048-129c8ea27454,Inbound_Queue,peer,2805.175,210.321,2447.882
37:02.7,5e684929-3b8d-47d4-926e-4ad7d09388ce,Inbound_Queue,peer,4055.896,192.715,3837.589
37:08.8,eb6e9215-042f-4f5d-9f5e-643f13daad08,Inbound_Queue,peer,1343.516,19.235,1316.281
37:10.1,df4e932b-8d7f-4e00-8d45-18eef77126a3,Inbound_Queue,peer,2138.737,1387.818,570.919
37:30.3,58eea8b2-12ef-4e44-b229-af25799ac3bb,Inbound_Queue,endpoint,748.243,46.681,521.562
37:34.8,0350e824-4af2-4216-90b4-0d6d6b37b894,Inbound_Queue,peer,516.618,0,336.618
39:12.2,e9a52a16-8aed-4650-ae12-008a27de3264,Inbound_Queue,peer,1022.093,0,842.093
40:16.7,735df99e-ecf2-465f-9b23-af57f9816040,Inbound_Queue,transfer,1092.204,327.742,584.462
40:20.4,6e881084-8174-4d5f-9f61-bc83d2d5027d,Inbound_Queue,peer,1729.933,0,1549.933
40:46.3,629c0093-a219-49a6-bcf7-aefdf84ed746,Inbound_Queue,peer,899.046,145.134,573.912
41:38.5,7692606e-6ff5-4d86-9986-3eafe5513617,Inbound_Queue,peer,211.346,0,31.346
42:06.0,8a1bfa1e-a509-4159-a617-b144da7cde68,Inbound_Queue,peer,712.984,0,532.984
42:36.3,20b5fddc-f6b0-43c2-b435-f8d6ddf250b0,Inbound_Queue,peer,4746.406,817.228,3790.178
42:56.3,cdb24e83-c04b-4ec9-927c-1edb726f88ed,Inbound_Queue,peer,2074.489,714.392,1345.374
43:03.0,1c2a0e5d-c17e-4919-9546-46d2d792021a,Inbound_Queue,endpoint,1236.697,0,1056.697
43:37.4,addaecc5-bc24-44d4-883f-f667970c2545,Inbound_Queue,client,798.617,11.21,607.407
44:00.0,42b03f6e-403e-4eb2-9f35-8ce33d267460,Inbound_Queue,peer,863.252,217.638,465.614
44:01.9,0aa4b567-82ad-4eb3-9244-a84ac8345c32,Inbound_Queue,peer,6482.222,1271.788,5030.434
45:19.3,bf3a8e4d-82ea-4ca8-a203-f2d40f97551c,Inbound_Queue,peer,7370.31,1492.391,5697.919
45:28.0,b4ad9889-08e7-4dd2-90c0-2fe3d2cb484a,Inbound_Queue,peer,2791.309,1650.666,960.643
45:32.1,72a2b252-c880-47a3-8bef-8fe753331cfd,Inbound_Queue,client,83.287,0,78.601
45:48.6,2dcedc95-b76c-407f-a454-c527e7b47f7a,Inbound_Queue,peer,1589.545,739.042,670.503
46:01.5,49196b79-8854-4fa5-ab83-e3f2eed52695,Inbound_Queue,peer,2409.747,1082.231,1147.516
46:26.5,2f8ce95f-a182-4416-b140-458a8a0ed96c,Inbound_Queue,peer,682.38,173.858,328.522
46:27.4,38aaf3d7-da25-4a9b-9f19-6e19d73d3247,Inbound_Queue,client,2495.542,541.819,1824.723
47:02.7,37b61721-f642-4a1c-92e4-5764373107ab,Inbound_Queue,peer,1533.177,521.909,831.268
47:29.8,3bef7e85-6652-41ba-986c-d1793b5ae19a,Inbound_Queue,peer,1049.199,0,1043.199
47:36.9,d5486df6-8847-4eeb-ab47-076356427abf,Inbound_Queue,peer,2125.51,525.295,1420.215
47:37.4,4e77d158-9903-4400-8e78-0d9a23a39875,Inbound_Queue,peer,458.644,0,385.644
47:44.3,9aed926c-d44e-4772-84f2-8dd68b5f85a5,Inbound_Queue,peer,2143.299,1190.79,772.509
48:04.0,816d5491-7217-4602-9ccb-5da5112dfac8,Inbound_Queue,peer,854.88,0,851.96
48:11.0,ab231e97-5e63-47fb-82f6-729f15eed115,Inbound_Queue,peer,3186.107,492.971,2513.136
48:19.3,c3142bb9-3dc4-45c3-ab42-32d6875110ee,Inbound_Queue,peer,220.409,0,40.409
48:43.8,adf0125d-22ab-480b-9a84-9d7889adb38c,Inbound_Queue,endpoint,208.085,0,28.085
49:21.6,f7f9c471-4578-4226-869b-58f17ffcb657,Inbound_Queue,peer,654.809,0,474.809
49:27.6,f0b45afb-1194-4ce8-8e8e-356c8c4a5474,Inbound_Queue,peer,1807.505,0,1627.505
49:27.8,20c90d44-45f8-4a87-bcc2-6951039092ad,Inbound_Queue,client,264.509,0,259.988
50:11.0,ce10f099-657a-4707-a80c-a5d10466d0ce,Inbound_Queue,peer,861.518,0,857.858
50:15.2,725f01db-66fe-4dc6-a990-93a7a68bf8d3,Inbound_Queue,peer,2453.746,1055.493,1218.253
50:16.0,255d569b-e1cf-46f4-bfba-88b4a69f5455,Inbound_Queue,client,780.871,422.306,350.899
50:22.4,635c4df8-045d-4be4-bc5d-673938b9ee60,Inbound_Queue,client,248.451,0,242.451
51:27.7,c3557b79-457d-491d-80f5-5e2c46eb193e,Inbound_Queue,transfer,1082.373,5.874,896.499
52:11.9,610d92c5-8f00-4f56-b1ad-4ace5c1acc58,Inbound_Queue,peer,1690.341,173.448,1336.893
52:22.4,b0996dc3-b802-443c-8596-98eca7bc63f4,Inbound_Queue,peer,1620.747,341.274,1099.473
53:21.5,d6e29412-dfdd-45c1-a597-29a960a5c5f8,Inbound_Queue,transfer,715.944,277.957,257.987
53:43.9,6418b087-04b0-40d8-a517-b7cc92477aed,Inbound_Queue,peer,446.013,0,266.013
53:50.7,b7012e18-db86-4f79-9c20-63f445065951,Inbound_Queue,client,325.757,0,308.004
54:01.8,8261bb15-26ea-48f4-b5e8-686de8c5ccea,Inbound_Queue,peer,1909.879,248.496,1659.383
54:17.3,bed34990-b428-4868-b4b3-e18e0980dedf,Inbound_Queue,peer,937.518,100.608,825.395
54:27.0,1a1b0387-e91a-432b-afee-1421669d3709,Inbound_Queue,peer,1092.332,0,912.332
54:37.7,abd7e836-7c8a-42e9-98c0-25f4e65233ba,Inbound_Queue,peer,701.745,0,699.745
55:56.3,94092f0b-90d3-45e2-b500-4debea87dfa4,Inbound_Queue,peer,1177.901,177.1,977.071
56:09.8,f024f6da-ffb2-42ab-ac8a-06bde41270df,Inbound_Queue,peer,3109.626,383.431,2708.195
56:37.1,9e320771-73b1-4592-819a-7f022b7fb43a,Inbound_Queue,peer,1279.645,108.129,1116.77
57:15.9,f93467b7-b7e3-4dfd-9305-d39492513cc4,Inbound_Queue,peer,3268.089,1455.784,1810.305
58:13.8,0350e824-4af2-4216-90b4-0d6d6b37b894,Inbound_Queue,endpoint,287.893,0,107.893
58:19.4,991de021-0e54-4cff-a83d-793551c930d7,Inbound_Queue,peer,47.951,0,41.951
58:32.7,a1f6fcd7-2e96-4af8-9c5d-047878b26aa4,Inbound_Queue,peer,711.585,155.021,376.564
59:22.8,0496289e-0ec0-4060-a396-eb01ed3b22d7,Inbound_Queue,peer,1320.552,0,1140.552
59:51.1,63bb6f93-004c-4a79-8d01-7de24f75241b,Inbound_Queue,peer,418.387,0,413.387
00:54.9,72a2b252-c880-47a3-8bef-8fe753331cfd,Inbound_Queue,endpoint,809.612,0,629.612
00:57.0,98139a66-1c8f-48e1-9954-f56f840f4d10,Inbound_Queue,peer,950.1,331.471,617.002
01:25.8,7e5d301d-a5e1-499f-8423-5300e8392c5a,Inbound_Queue,peer,636.06,106.179,527.885
01:35.7,a35eadcd-a709-4b9a-8d6c-710ceec42f56,Inbound_Queue,endpoint,2407.905,0,2227.905
01:52.6,fefd5888-a8c0-4c46-8061-81b2e104efb0,Inbound_Queue,peer,714.99,0,534.99
02:11.6,e974e08f-6dff-4187-a7c2-e21cad1e7452,Inbound_Queue,peer,1095.654,173.707,919.947
02:39.1,5867c9ef-4b00-4c2e-8626-049028df8d80,Inbound_Queue,peer,1321.532,0,1141.532
02:53.7,5e6b0aa5-78f6-475d-897e-fe2036aa4250,Inbound_Queue,transfer,228.937,0,48.937
03:27.0,eff70e56-61a1-4c81-ac40-902f099d9017,Inbound_Queue,peer,603.834,154.907,268.927
04:03.9,58eea8b2-12ef-4e44-b229-af25799ac3bb,Inbound_Queue,endpoint,682.151,0,502.151
04:07.2,4ff996ef-9f41-4fc7-9894-333cd0364bcc,Inbound_Queue,peer,1306.686,0,1126.686
04:35.5,46f7670a-55bd-4c83-8036-184c5b14b5fe,Inbound_Queue,peer,211.484,0,199.583
04:50.4,c3142bb9-3dc4-45c3-ab42-32d6875110ee,Inbound_Queue,transfer,2459.321,0,2279.321
06:18.4,e47ca893-1edc-49e9-b0bd-58cde8182443,Inbound_Queue,peer,439.141,85.057,210.323
06:24.7,adf0125d-22ab-480b-9a84-9d7889adb38c,Inbound_Queue,client,385.086,0,205.086
06:33.3,59f8eea1-fc1a-4435-9cdd-65ebaecf7ada,Inbound_Queue,peer,718.848,118.239,420.609
06:58.4,6a04b882-aee7-46ae-ab7c-a897612b4f48,Inbound_Queue,peer,811.252,57.936,573.316
07:03.0,14dfa860-b731-4b36-9e5f-e3da58bfa76f,Inbound_Queue,client,1311.19,0,1131.19
07:18.0,20c90d44-45f8-4a87-bcc2-6951039092ad,Inbound_Queue,client,418.453,0,238.453
07:20.4,8a1bfa1e-a509-4159-a617-b144da7cde68,Inbound_Queue,client,275.58,0,95.58
07:41.5,d1cd42d9-cdbb-425b-9c63-4b2de8ecc92f,Inbound_Queue,peer,2290.335,271.018,1839.317
07:51.5,d1f986ef-1bad-4c64-9680-a3c042ffcdf3,Inbound_Queue,client,1703.118,0,1523.118
08:27.6,84eca844-80a4-4c06-b2f3-a9317ba97d9a,Inbound_Queue,peer,969.746,0,789.746
09:54.7,87dc437c-feaf-4fd3-b1a3-5676468dae1d,Inbound_Queue,peer,439.126,0,436.126
10:11.2,e9a52a16-8aed-4650-ae12-008a27de3264,Inbound_Queue,peer,970.551,100.553,689.998
10:40.3,addaecc5-bc24-44d4-883f-f667970c2545,Inbound_Queue,peer,1996.329,0,1816.329
11:05.6,3ada4c7f-b585-4818-9438-b4d5f9d61989,Inbound_Queue,peer,481.582,0,301.582
11:34.2,14d7a297-4253-44e8-a34f-68bcd9819814,Inbound_Queue,client,51.372,0,48.676
12:20.0,2f8ce95f-a182-4416-b140-458a8a0ed96c,Inbound_Queue,endpoint,181.545,0,1.545
12:26.4,f3a9065d-c4e2-44a0-a93c-bb3495afe226,Inbound_Queue,peer,1031.848,272.394,579.454
12:29.1,42b03f6e-403e-4eb2-9f35-8ce33d267460,Inbound_Queue,peer,3520.75,1560.153,1780.597
12:32.1,735df99e-ecf2-465f-9b23-af57f9816040,Inbound_Queue,peer,716.101,198.195,337.906
12:41.8,b7012e18-db86-4f79-9c20-63f445065951,Inbound_Queue,peer,1508.527,0,1328.527
13:06.7,7cb2b3b9-b20b-496f-a7d1-b231ac85d46c,Inbound_Queue,peer,1949.806,517.151,1252.655
13:22.5,8edfd986-7da5-4c4b-81c3-83266f2a9955,Inbound_Queue,peer,1112.13,0,932.13
14:21.9,f7b69e0d-7656-439f-9383-e764e09c32ef,Inbound_Queue,client,704.654,44.998,479.656
14:24.3,ff00ba56-0613-4822-836a-3663ff476a32,Inbound_Queue,peer,847.092,348.888,471.223
14:43.7,2fdbdbbd-bf46-4ff2-a8d1-082d1edfef81,Inbound_Queue,endpoint,1011.684,0,831.684
15:23.2,8716932b-1c67-4002-8a55-9c2b20eaca79,Inbound_Queue,peer,364.09,0,184.09
15:24.5,0350e824-4af2-4216-90b4-0d6d6b37b894,Inbound_Queue,endpoint,480.142,95.922,204.22
15:45.6,c4580193-23d1-4a28-aebb-136c27848142,Inbound_Queue,peer,1022.929,0,842.929
16:27.3,6418b087-04b0-40d8-a517-b7cc92477aed,Inbound_Queue,peer,215.083,0,35.083
17:33.0,1a84cf8f-6efc-4f95-a0bb-89f4d017a800,Inbound_Queue,peer,1478.057,862.654,435.403
17:54.0,502d6033-517a-49ef-b5a0-632601053d1c,Inbound_Queue,peer,366.22,0,359.511
17:58.4,ce10f099-657a-4707-a80c-a5d10466d0ce,Inbound_Queue,peer,6721.708,1586.281,5126.427
17:59.2,991de021-0e54-4cff-a83d-793551c930d7,Inbound_Queue,endpoint,88.054,0,49.345
18:06.2,6b633a32-ec20-48f4-91dd-503d459eda1f,Inbound_Queue,transfer,1576.902,199.452,1374.45
18:30.4,d2b5db33-03d0-46a9-a8fc-13794f4d0d6a,Inbound_Queue,peer,867.437,34.106,653.331
18:31.5,abd7e836-7c8a-42e9-98c0-25f4e65233ba,Inbound_Queue,endpoint,955.705,239.79,678.915
19:23.5,42c439e6-9c60-48e5-b0a4-46e49c341158,Inbound_Queue,peer,1158.99,0,978.99
19:33.3,5e6b0aa5-78f6-475d-897e-fe2036aa4250,Inbound_Queue,client,228.095,0,48.095
19:38.6,46f7670a-55bd-4c83-8036-184c5b14b5fe,Inbound_Queue,peer,1268.795,171.836,916.959
19:45.6,b0f01320-84cb-4f99-85df-7e44bba5baba,Inbound_Queue,peer,854.946,2.385,847.7
19:54.0,83182297-7f24-413b-8783-8a80d4ed30c4,Inbound_Queue,peer,1788.094,0,1608.094
20:09.8,6e881084-8174-4d5f-9f61-bc83d2d5027d,Inbound_Queue,peer,519.75,0,339.75
20:47.2,b8b5a757-7176-499d-b93d-8feebb36c09f,Inbound_Queue,peer,640.298,2.695,630.603
20:54.5,c3557b79-457d-491d-80f5-5e2c46eb193e,Inbound_Queue,peer,1541.193,164.199,1196.994
22:44.0,809f8e6c-6117-4ab2-9100-d3a22f659893,Inbound_Queue,client,901.397,113.548,607.849
22:47.2,52e08b91-dc97-48b3-bbc5-bd48451ead22,Inbound_Queue,peer,855.608,269.15,462.458
23:04.5,8a1bfa1e-a509-4159-a617-b144da7cde68,Inbound_Queue,peer,901.74,0,721.74
24:19.9,ea63a7f4-000e-44c3-9a17-c94ba222767e,Inbound_Queue,peer,836.476,108.714,641.762
24:38.4,7e5d301d-a5e1-499f-8423-5300e8392c5a,Inbound_Queue,peer,843.898,68.299,764.599
24:46.6,a9db4161-ec04-4fe1-8fa9-4645b96ff374,Inbound_Queue,peer,1678.622,89.934,1408.992
24:58.2,2dcedc95-b76c-407f-a454-c527e7b47f7a,Inbound_Queue,peer,774.746,5.497,589.249
25:00.7,14d7a297-4253-44e8-a34f-68bcd9819814,Inbound_Queue,peer,1454.97,398.441,1053.965
25:19.2,37b61721-f642-4a1c-92e4-5764373107ab,Inbound_Queue,client,500.846,100.433,220.413
25:26.1,1a1b0387-e91a-432b-afee-1421669d3709,Inbound_Queue,peer,1280.031,0,1100.031
25:34.0,df4e932b-8d7f-4e00-8d45-18eef77126a3,Inbound_Queue,endpoint,865.3,0,685.3
26:07.6,adf0125d-22ab-480b-9a84-9d7889adb38c,Inbound_Queue,transfer,436.518,1.928,254.59
26:27.8,e47ca893-1edc-49e9-b0bd-58cde8182443,Inbound_Queue,peer,1039.33,119.432,739.898
26:40.9,fefd5888-a8c0-4c46-8061-81b2e104efb0,Inbound_Queue,peer,2497.226,812.734,1504.492
26:46.8,397cbba2-3e6a-41d8-84bb-bb4c8775bea0,Inbound_Queue,peer,2404.357,827.173,1574.184
26:56.3,20c90d44-45f8-4a87-bcc2-6951039092ad,Inbound_Queue,peer,245.469,0,240.469
27:21.8,57fe1954-e706-4ac9-a693-8f0d8b5faa5d,Inbound_Queue,peer,224.446,0,143.446
27:23.1,9f3dbb17-1a42-45f6-b59c-c47b90a8a36e,Inbound_Queue,peer,814.932,0,808.257
27:33.1,635c4df8-045d-4be4-bc5d-673938b9ee60,Inbound_Queue,peer,2216.07,121.075,2090.459
27:51.8,58eea8b2-12ef-4e44-b229-af25799ac3bb,Inbound_Queue,endpoint,3670.602,798.822,2691.78
28:39.8,94092f0b-90d3-45e2-b500-4debea87dfa4,Inbound_Queue,peer,4435.567,1167.79,3249.777
29:53.7,11198704-25fa-4c04-8371-77d2253d8ca9,Inbound_Queue,peer,1734.154,320.228,1233.926
30:04.9,98139a66-1c8f-48e1-9954-f56f840f4d10,Inbound_Queue,peer,839.22,211.195,626.025
30:08.3,d8faa74c-3219-4337-850b-fb9954a4bf2a,Inbound_Queue,client,2766.016,222.511,2363.505
30:17.9,87dc437c-feaf-4fd3-b1a3-5676468dae1d,Inbound_Queue,peer,1302.458,0,1297.458
30:26.7,cdb24e83-c04b-4ec9-927c-1edb726f88ed,Inbound_Queue,peer,3531.086,1410.994,1940.092
30:34.1,9e320771-73b1-4592-819a-7f022b7fb43a,Inbound_Queue,peer,2391.827,347.463,2040.364
31:09.6,3ada4c7f-b585-4818-9438-b4d5f9d61989,Inbound_Queue,endpoint,429.23,0,249.23
31:57.4,f0b45afb-1194-4ce8-8e8e-356c8c4a5474,Inbound_Queue,peer,1790.814,511.775,1099.039
32:45.1,e974e08f-6dff-4187-a7c2-e21cad1e7452,Inbound_Queue,peer,520.293,173.077,345.216
33:17.4,02709d36-9970-4d79-bc59-6c932dfd7c2e,Inbound_Queue,transfer,638.185,0,458.185
33:51.9,6a04b882-aee7-46ae-ab7c-a897612b4f48,Inbound_Queue,peer,818.908,123.006,526.001
33:56.4,0496289e-0ec0-4060-a396-eb01ed3b22d7,Inbound_Queue,conferenceTransfer,1560.324,809.47,570.854
34:23.7,8716932b-1c67-4002-8a55-9c2b20eaca79,Inbound_Queue,peer,1548.355,314.467,1053.888
34:24.3,991de021-0e54-4cff-a83d-793551c930d7,Inbound_Queue,peer,575.187,0,395.187
35:36.7,63bb6f93-004c-4a79-8d01-7de24f75241b,Inbound_Queue,peer,1526.148,0,1521.148
36:10.1,c9167e6d-1661-460e-bca6-da35ecb2866d,Inbound_Queue,endpoint,4019.56,1874.262,1965.298
36:14.5,5e6b0aa5-78f6-475d-897e-fe2036aa4250,Inbound_Queue,peer,1104.623,116.5,808.123
36:26.6,0350e824-4af2-4216-90b4-0d6d6b37b894,Inbound_Queue,peer,221.073,0,41.073
36:36.5,1de5336c-7f42-4615-8c87-4ac11784ee8f,Inbound_Queue,peer,387.028,0,259.401
37:11.5,eb6e9215-042f-4f5d-9f5e-643f13daad08,Inbound_Queue,peer,448.217,72.458,371.759
37:37.7,6ddb2b56-0b3e-4a47-89f0-d49e23dcd237,Inbound_Queue,peer,1090.531,126.849,961.682
37:42.4,21e90dac-b238-4f78-a740-02b24ae01154,Inbound_Queue,endpoint,1978.039,383.875,1419.279
37:57.6,bed34990-b428-4868-b4b3-e18e0980dedf,Inbound_Queue,peer,1956.341,0,1953.341
38:03.1,735df99e-ecf2-465f-9b23-af57f9816040,Inbound_Queue,peer,570.154,0,390.154
38:05.7,84eca844-80a4-4c06-b2f3-a9317ba97d9a,Inbound_Queue,peer,2572.644,283.567,2109.077
39:28.1,5867c9ef-4b00-4c2e-8626-049028df8d80,Inbound_Queue,peer,572.524,0,392.524
39:32.0,a1f6fcd7-2e96-4af8-9c5d-047878b26aa4,Inbound_Queue,peer,986.733,264.741,612.992
39:49.2,4ff996ef-9f41-4fc7-9894-333cd0364bcc,Inbound_Queue,peer,730.83,0,550.83
39:50.8,f7b69e0d-7656-439f-9383-e764e09c32ef,Inbound_Queue,peer,95.826,0,90.118
40:18.5,e9a52a16-8aed-4650-ae12-008a27de3264,Inbound_Queue,transfer,3906.962,481.156,3245.806
40:23.5,610d92c5-8f00-4f56-b1ad-4ace5c1acc58,Inbound_Queue,peer,551.293,76.455,471.277
41:41.8,0544876f-4db0-46be-9f60-752ec4413636,Inbound_Queue,peer,1667.233,1007.713,479.52
41:51.5,ff00ba56-0613-4822-836a-3663ff476a32,Inbound_Queue,transfer,884.835,1.572,879.263
42:32.4,eff70e56-61a1-4c81-ac40-902f099d9017,Inbound_Queue,transfer,1306.454,308.369,818.085
42:45.3,2f8ce95f-a182-4416-b140-458a8a0ed96c,Inbound_Queue,endpoint,210.566,0,30.566
43:02.8,14dfa860-b731-4b36-9e5f-e3da58bfa76f,Inbound_Queue,client,475.144,0,295.144
43:28.8,6e881084-8174-4d5f-9f61-bc83d2d5027d,Inbound_Queue,transfer,245.651,11.856,53.795
43:46.5,a30a63b9-93eb-431e-b066-efc787235721,Inbound_Queue,peer,735.642,0,730.964
44:27.8,7692606e-6ff5-4d86-9986-3eafe5513617,Inbound_Queue,peer,244.251,0,64.251
44:53.2,02709d36-9970-4d79-bc59-6c932dfd7c2e,Inbound_Queue,client,938.642,231.804,667.043
45:29.1,816d5491-7217-4602-9ccb-5da5112dfac8,Inbound_Queue,peer,1310.082,107.516,1199.566
45:37.1,0d7185ba-bb22-4cd1-980f-7ef567a7e79c,Inbound_Queue,peer,240.733,0.338,233.553
45:56.2,3bef7e85-6652-41ba-986c-d1793b5ae19a,Inbound_Queue,peer,1690.185,141.721,1546.464
46:00.1,1c2a0e5d-c17e-4919-9546-46d2d792021a,Inbound_Queue,endpoint,1068.747,0,888.747
46:20.3,2adad817-f8f6-4b84-876b-7f2153a1232e,Inbound_Queue,peer,1229.185,160.5,1028.685
46:26.3,20c90d44-45f8-4a87-bcc2-6951039092ad,Inbound_Queue,transfer,479.804,0,475.974
47:09.5,57fe1954-e706-4ac9-a693-8f0d8b5faa5d,Inbound_Queue,peer,1028.055,339.55,508.505
47:21.9,b8b5a757-7176-499d-b93d-8feebb36c09f,Inbound_Queue,peer,150.988,3.673,142.759
47:37.8,8edfd986-7da5-4c4b-81c3-83266f2a9955,Inbound_Queue,client,394.581,0,214.581
47:40.4,eb2417e8-cb69-4cd5-a7c3-a625c808bbc8,Inbound_Queue,peer,2391.632,1117.999,1093.633
48:44.4,502d6033-517a-49ef-b5a0-632601053d1c,Inbound_Queue,endpoint,220.995,8.094,32.901
48:45.3,c4580193-23d1-4a28-aebb-136c27848142,Inbound_Queue,client,1161.098,410.415,570.683
49:42.8,d2b5db33-03d0-46a9-a8fc-13794f4d0d6a,Inbound_Queue,peer,622.696,229.078,213.618
50:02.0,adf0125d-22ab-480b-9a84-9d7889adb38c,Inbound_Queue,endpoint,208.117,0,28.117
50:32.4,0ad1d053-a3a3-4056-a412-f4ac54609ed3,Inbound_Queue,peer,1632.535,198.852,1253.683
50:33.8,b0f01320-84cb-4f99-85df-7e44bba5baba,Inbound_Queue,peer,855.188,116.963,709.401
50:40.5,9dd55310-22d1-4746-99af-6de42bd7254c,Inbound_Queue,client,306.188,0,126.188
50:56.3,b0996dc3-b802-443c-8596-98eca7bc63f4,Inbound_Queue,peer,1036.304,0,856.304
52:03.1,52e08b91-dc97-48b3-bbc5-bd48451ead22,Inbound_Queue,peer,656.584,100.129,458.737
52:18.5,ffbaedee-9796-469c-89b4-fd22cec5fff7,Inbound_Queue,peer,1358.76,228.005,1105.85
52:44.9,7e5d301d-a5e1-499f-8423-5300e8392c5a,Inbound_Queue,peer,770.174,104.588,661.778
53:32.9,42c439e6-9c60-48e5-b0a4-46e49c341158,Inbound_Queue,peer,1271.457,0,1091.457
54:04.6,f7f9c471-4578-4226-869b-58f17ffcb657,Inbound_Queue,peer,2820.115,559.083,2081.032
54:12.6,0350e824-4af2-4216-90b4-0d6d6b37b894,Inbound_Queue,peer,210.051,0,30.051
54:37.8,46f7670a-55bd-4c83-8036-184c5b14b5fe,Inbound_Queue,client,886.352,501.282,205.07
55:42.4,9f3dbb17-1a42-45f6-b59c-c47b90a8a36e,Inbound_Queue,peer,1013.988,132.222,877.766
56:12.6,160993fa-c10c-47f8-ab0e-3604b4f1c927,Inbound_Queue,peer,1033.102,0,857.491
56:58.4,ab231e97-5e63-47fb-82f6-729f15eed115,Inbound_Queue,peer,926.995,425.928,321.067
57:03.7,d5486df6-8847-4eeb-ab47-076356427abf,Inbound_Queue,peer,678.003,0,498.003
57:15.4,e974e08f-6dff-4187-a7c2-e21cad1e7452,Inbound_Queue,peer,896.764,162.983,732.149
58:12.6,f7b69e0d-7656-439f-9383-e764e09c32ef,Inbound_Queue,peer,719.907,132.965,584.22
58:37.9,49196b79-8854-4fa5-ab83-e3f2eed52695,Inbound_Queue,peer,818.675,67.325,721.35
59:55.9,1a84cf8f-6efc-4f95-a0bb-89f4d017a800,Inbound_Queue,peer,541.097,0,361.097
59:57.1,38aaf3d7-da25-4a9b-9f19-6e19d73d3247,Inbound_Queue,peer,701.689,0,601.689
00:38.8,1de5336c-7f42-4615-8c87-4ac11784ee8f,Inbound_Queue,peer,332.143,0,285.533
00:41.6,725f01db-66fe-4dc6-a990-93a7a68bf8d3,Inbound_Queue,peer,1437.646,555.647,877.999
01:04.7,e47ca893-1edc-49e9-b0bd-58cde8182443,Inbound_Queue,peer,1802.711,534.374,1088.337
01:53.7,991de021-0e54-4cff-a83d-793551c930d7,Inbound_Queue,peer,417.594,0,257.986
02:08.0,2fdbdbbd-bf46-4ff2-a8d1-082d1edfef81,Inbound_Queue,endpoint,1286.91,0,1106.91
02:10.4,aa26e2bd-1385-44f0-af87-72d3e32568b4,Inbound_Queue,client,1119.206,1.731,937.475
03:09.0,4f33a4b0-1d58-402b-9046-16d2157e3b77,Inbound_Queue,peer,928.966,0,850.966
03:22.4,c3142bb9-3dc4-45c3-ab42-32d6875110ee,Inbound_Queue,peer,1022.126,229.187,612.939
03:28.8,2f8ce95f-a182-4416-b140-458a8a0ed96c,Inbound_Queue,client,362.956,0,182.956
04:04.3,c3557b79-457d-491d-80f5-5e2c46eb193e,Inbound_Queue,peer,3634.668,329.202,3157.936
04:28.7,1a1b0387-e91a-432b-afee-1421669d3709,Inbound_Queue,peer,1211.886,17.193,1014.693
04:43.4,255d569b-e1cf-46f4-bfba-88b4a69f5455,Inbound_Queue,peer,1018.554,0,1007.554
04:53.1,735df99e-ecf2-465f-9b23-af57f9816040,Inbound_Queue,peer,1062.562,0,882.562
04:54.3,6e881084-8174-4d5f-9f61-bc83d2d5027d,Inbound_Queue,client,412.169,0,232.169
04:56.3,d1f986ef-1bad-4c64-9680-a3c042ffcdf3,Inbound_Queue,client,1593.125,444.159,968.966
04:57.7,1458ae06-af72-43d9-bc11-5c8d39b0e0c4,Inbound_Queue,peer,488.694,0,484.784
05:49.9,8261bb15-26ea-48f4-b5e8-686de8c5ccea,Inbound_Queue,peer,1273.82,136.695,1134.33
06:52.8,7692606e-6ff5-4d86-9986-3eafe5513617,Inbound_Queue,client,195.989,0,15.989
07:15.6,5867c9ef-4b00-4c2e-8626-049028df8d80,Inbound_Queue,client,364.937,0,184.937
07:41.5,610d92c5-8f00-4f56-b1ad-4ace5c1acc58,Inbound_Queue,peer,451.864,0,291.037
08:11.0,0d7185ba-bb22-4cd1-980f-7ef567a7e79c,Inbound_Queue,peer,465.488,0.998,460.688
08:12.4,b8b5a757-7176-499d-b93d-8feebb36c09f,Inbound_Queue,peer,514.519,2.409,509.11
08:16.2,14dfa860-b731-4b36-9e5f-e3da58bfa76f,Inbound_Queue,peer,235.708,0,55.708
08:25.0,4ff996ef-9f41-4fc7-9894-333cd0364bcc,Inbound_Queue,peer,620.604,0,440.604
08:53.3,502d6033-517a-49ef-b5a0-632601053d1c,Inbound_Queue,client,197.162,0,17.162
09:15.1,a9db4161-ec04-4fe1-8fa9-4645b96ff374,Inbound_Queue,peer,3688.299,1255.084,2253.215
09:19.2,b7012e18-db86-4f79-9c20-63f445065951,Inbound_Queue,peer,706.843,0,526.843
09:24.6,70f68240-114b-419f-835e-33728e8e262f,Inbound_Queue,peer,574.815,0,572.988
09:39.5,8edfd986-7da5-4c4b-81c3-83266f2a9955,Inbound_Queue,peer,1287.423,0,1107.423
10:04.7,7cb2b3b9-b20b-496f-a7d1-b231ac85d46c,Inbound_Queue,peer,190.515,0,10.515
10:15.4,9dd55310-22d1-4746-99af-6de42bd7254c,Inbound_Queue,endpoint,181.922,0,1.922
10:21.2,ff00ba56-0613-4822-836a-3663ff476a32,Inbound_Queue,peer,431.757,0,428.757
10:26.8,0350e824-4af2-4216-90b4-0d6d6b37b894,Inbound_Queue,transfer,2637.216,1275.751,1181.465
10:39.2,83182297-7f24-413b-8783-8a80d4ed30c4,Inbound_Queue,peer,983.235,0,803.235
11:46.0,f75f5a38-3e79-4fe2-87a4-c375235ca13a,Inbound_Queue,endpoint,113.95,0,59.95
12:14.6,11198704-25fa-4c04-8371-77d2253d8ca9,Inbound_Queue,peer,2680.755,88.616,2412.139
12:21.6,d6e29412-dfdd-45c1-a597-29a960a5c5f8,Inbound_Queue,peer,344.398,0,164.398
12:27.5,a35eadcd-a709-4b9a-8d6c-710ceec42f56,Inbound_Queue,endpoint,1211.597,0,1031.597
12:34.2,a1f6fcd7-2e96-4af8-9c5d-047878b26aa4,Inbound_Queue,peer,1728.182,796.797,751.385
12:40.7,21fe413d-41f8-4141-8c83-5e392837b340,Inbound_Queue,peer,451.303,0,446.303
13:02.9,629c0093-a219-49a6-bcf7-aefdf84ed746,Inbound_Queue,peer,794.64,0,614.64
13:32.5,d2b5db33-03d0-46a9-a8fc-13794f4d0d6a,Inbound_Queue,peer,1690.197,498.566,1011.631
13:39.7,8716932b-1c67-4002-8a55-9c2b20eaca79,Inbound_Queue,client,5047.552,1487.519,3410.489
13:58.2,f93467b7-b7e3-4dfd-9305-d39492513cc4,Inbound_Queue,peer,3183.569,1293.828,1887.741
14:08.0,6b633a32-ec20-48f4-91dd-503d459eda1f,Inbound_Queue,peer,1181.297,0,1121.297
14:30.1,63bb6f93-004c-4a79-8d01-7de24f75241b,Inbound_Queue,client,1814.96,0,1800.129
14:31.7,d7676e0c-8f59-428a-b165-4fa63b4f8db9,Inbound_Queue,peer,1517.909,678.531,659.378
14:35.3,a4ca4f9f-4cb0-4145-9b33-1bafc45fc1ff,Inbound_Queue,peer,2229.353,751.59,1468.116
14:48.4,20b5fddc-f6b0-43c2-b435-f8d6ddf250b0,Inbound_Queue,peer,2221.355,0,2165.355
14:52.5,e0e99868-ae4e-4d91-a609-ad1f37391890,Inbound_Queue,peer,1096.12,208.898,738.551
15:11.7,f0b45afb-1194-4ce8-8e8e-356c8c4a5474,Inbound_Queue,peer,623.067,0,443.067
15:15.5,809f8e6c-6117-4ab2-9100-d3a22f659893,Inbound_Queue,peer,569.662,0,389.662
15:42.3,6418b087-04b0-40d8-a517-b7cc92477aed,Inbound_Queue,client,853.624,0,673.624
16:01.9,d1cd42d9-cdbb-425b-9c63-4b2de8ecc92f,Inbound_Queue,peer,799.705,0,619.705
17:20.8,6a04b882-aee7-46ae-ab7c-a897612b4f48,Inbound_Queue,peer,572.611,0,392.611
18:01.3,87dc437c-feaf-4fd3-b1a3-5676468dae1d,Inbound_Queue,client,36.363,0,31.434
18:34.3,1c2a0e5d-c17e-4919-9546-46d2d792021a,Inbound_Queue,endpoint,886.353,0,706.353
19:32.8,57fe1954-e706-4ac9-a693-8f0d8b5faa5d,Inbound_Queue,peer,1151.478,477.013,494.465
20:39.3,635c4df8-045d-4be4-bc5d-673938b9ee60,Inbound_Queue,peer,472.838,2.305,467.533
20:53.8,ea63a7f4-000e-44c3-9a17-c94ba222767e,Inbound_Queue,client,1759.973,434.118,1322.924
21:01.9,5e684929-3b8d-47d4-926e-4ad7d09388ce,Inbound_Queue,peer,339.181,0,202.665
21:27.9,7e5d301d-a5e1-499f-8423-5300e8392c5a,Inbound_Queue,peer,372.091,57.862,311.229
21:41.7,af512203-3ea2-48d5-bbf5-e46ae915d4d8,Inbound_Queue,client,246.178,0,66.178
21:48.9,193caf00-bddc-4964-a034-44837daa3bb3,Inbound_Queue,transfer,609.119,2.492,426.627
22:10.1,3cee4f26-b17c-4a0e-8faa-22b2f5da37a9,Inbound_Queue,peer,2103.372,665.209,1258.163
22:18.1,1de5336c-7f42-4615-8c87-4ac11784ee8f,Inbound_Queue,peer,1019.959,0,839.959
22:51.2,397cbba2-3e6a-41d8-84bb-bb4c8775bea0,Inbound_Queue,peer,2370.018,1106.748,1258.765
23:01.7,816d5491-7217-4602-9ccb-5da5112dfac8,Inbound_Queue,peer,498.673,0,496.673
23:03.9,b0996dc3-b802-443c-8596-98eca7bc63f4,Inbound_Queue,peer,741.42,0,689.494
23:35.9,f2411143-83df-4206-90cd-7028e4b3be2d,Inbound_Queue,client,1131.42,375.293,576.127
23:52.1,d5486df6-8847-4eeb-ab47-076356427abf,Inbound_Queue,client,456.438,0,276.438
23:52.3,4e77d158-9903-4400-8e78-0d9a23a39875,Inbound_Queue,peer,1317.01,682.551,625.725
24:52.9,46f7670a-55bd-4c83-8036-184c5b14b5fe,Inbound_Queue,peer,2990.184,1214.997,1595.187
24:53.3,2f8ce95f-a182-4416-b140-458a8a0ed96c,Inbound_Queue,endpoint,183.627,0,3.627
25:18.0,7692606e-6ff5-4d86-9986-3eafe5513617,Inbound_Queue,client,209.458,0,29.458
25:44.2,036312a0-c289-46d9-b602-d686886d3728,Inbound_Queue,transfer,2644.541,501.633,2137.908
25:55.3,f7b69e0d-7656-439f-9383-e764e09c32ef,Inbound_Queue,peer,1826.928,161.345,1485.583
26:15.5,bed34990-b428-4868-b4b3-e18e0980dedf,Inbound_Queue,peer,962.383,164.047,796.336
26:27.9,addaecc5-bc24-44d4-883f-f667970c2545,Inbound_Queue,peer,1021.03,0,909.037
26:53.8,e974e08f-6dff-4187-a7c2-e21cad1e7452,Inbound_Queue,peer,1783.399,226.561,1554.867
27:00.4,ab231e97-5e63-47fb-82f6-729f15eed115,Inbound_Queue,peer,1439.738,0,1259.738
27:02.6,9f3dbb17-1a42-45f6-b59c-c47b90a8a36e,Inbound_Queue,peer,892.029,0,889.192
27:04.7,54ea8c3b-6ecf-4585-9f16-e952cd6b249b,Inbound_Queue,peer,911.432,273.142,529.588
27:08.3,1458ae06-af72-43d9-bc11-5c8d39b0e0c4,Inbound_Queue,peer,456.49,0,451.653
27:19.7,7cb2b3b9-b20b-496f-a7d1-b231ac85d46c,Inbound_Queue,endpoint,181.522,0,1.522
29:26.3,457eb428-bc02-4f52-b77d-e63756825e07,Inbound_Queue,client,4066.246,2023.821,1904.425
29:35.2,9dd55310-22d1-4746-99af-6de42bd7254c,Inbound_Queue,client,1498.337,0,1318.337
29:51.7,5867c9ef-4b00-4c2e-8626-049028df8d80,Inbound_Queue,peer,391.813,0,211.813
29:53.3,3bef7e85-6652-41ba-986c-d1793b5ae19a,Inbound_Queue,peer,1176.784,329.325,845.459
30:01.4,f75f5a38-3e79-4fe2-87a4-c375235ca13a,Inbound_Queue,endpoint,67.093,0,28.093
30:12.3,42c439e6-9c60-48e5-b0a4-46e49c341158,Inbound_Queue,peer,2115.32,0,1935.32
30:26.0,52e08b91-dc97-48b3-bbc5-bd48451ead22,Inbound_Queue,client,290.132,0,231.151
30:26.5,ffbaedee-9796-469c-89b4-fd22cec5fff7,Inbound_Queue,client,716.443,0,712.721
31:14.2,b4ad9889-08e7-4dd2-90c0-2fe3d2cb484a,Inbound_Queue,peer,1051.514,437.057,434.457
31:32.0,59f8eea1-fc1a-4435-9cdd-65ebaecf7ada,Inbound_Queue,peer,696.701,174.632,342.069
31:43.8,b0f01320-84cb-4f99-85df-7e44bba5baba,Inbound_Queue,endpoint,1799.395,264.158,1355.237
31:55.3,6607042e-58ad-440e-a713-936f3bd890f6,Inbound_Queue,peer,1111.787,0,931.787
32:00.9,660ed913-79ce-44af-8bad-77d1b6bff891,Inbound_Queue,client,3058.133,0,2878.133
32:44.9,72a2b252-c880-47a3-8bef-8fe753331cfd,Inbound_Queue,peer,46.49,0,25.605
32:48.6,8a1bfa1e-a509-4159-a617-b144da7cde68,Inbound_Queue,peer,1111.863,76.708,855.155
33:37.7,0d7185ba-bb22-4cd1-980f-7ef567a7e79c,Inbound_Queue,peer,986.151,81.819,891.332
33:49.1,d8faa74c-3219-4337-850b-fb9954a4bf2a,Inbound_Queue,client,1102.694,0,922.694
34:02.6,ff00ba56-0613-4822-836a-3663ff476a32,Inbound_Queue,peer,2946.699,0,2944.131
34:08.6,0ad1d053-a3a3-4056-a412-f4ac54609ed3,Inbound_Queue,peer,392.606,0,212.606
34:10.5,d6e29412-dfdd-45c1-a597-29a960a5c5f8,Inbound_Queue,peer,6900.064,3607.206,3112.858
34:33.9,eff70e56-61a1-4c81-ac40-902f099d9017,Inbound_Queue,client,470.311,154.017,136.294
34:43.7,49196b79-8854-4fa5-ab83-e3f2eed52695,Inbound_Queue,peer,496.524,0.913,385.913
34:56.3,1a84cf8f-6efc-4f95-a0bb-89f4d017a800,Inbound_Queue,peer,717.263,249.975,287.288
35:07.1,4ff996ef-9f41-4fc7-9894-333cd0364bcc,Inbound_Queue,peer,274.015,0,94.015
35:11.2,c3142bb9-3dc4-45c3-ab42-32d6875110ee,Inbound_Queue,peer,360.513,0,180.513
35:12.8,aa26e2bd-1385-44f0-af87-72d3e32568b4,Inbound_Queue,client,886.564,2.427,704.137
35:23.2,84eca844-80a4-4c06-b2f3-a9317ba97d9a,Inbound_Queue,client,513.538,0,333.538
36:22.6,b7012e18-db86-4f79-9c20-63f445065951,Inbound_Queue,peer,710.929,0,530.929
36:24.7,5e6b0aa5-78f6-475d-897e-fe2036aa4250,Inbound_Queue,peer,2252.56,860.281,1212.279
36:32.9,0496289e-0ec0-4060-a396-eb01ed3b22d7,Inbound_Queue,peer,183.675,0,3.675
37:15.6,14dfa860-b731-4b36-9e5f-e3da58bfa76f,Inbound_Queue,client,812.926,0,632.926
37:17.8,735df99e-ecf2-465f-9b23-af57f9816040,Inbound_Queue,peer,2661.236,474.533,2006.703
37:40.1,2fdbdbbd-bf46-4ff2-a8d1-082d1edfef81,Inbound_Queue,endpoint,557.667,0,377.667
37:53.9,fefd5888-a8c0-4c46-8061-81b2e104efb0,Inbound_Queue,endpoint,1305.26,162.605,1093.01
37:57.5,b16a44d9-b58a-49ff-bc25-8155079eac20,Inbound_Queue,peer,2181.714,172.337,1829.377
38:33.4,160993fa-c10c-47f8-ab0e-3604b4f1c927,Inbound_Queue,peer,1882.311,407.736,1360.905
38:54.0,1a1b0387-e91a-432b-afee-1421669d3709,Inbound_Queue,peer,1419.281,0,1239.281
39:04.5,725f01db-66fe-4dc6-a990-93a7a68bf8d3,Inbound_Queue,peer,757.847,88.45,666.556
39:04.7,f0b45afb-1194-4ce8-8e8e-356c8c4a5474,Inbound_Queue,peer,1430.259,303.669,1084.022
39:32.9,629c0093-a219-49a6-bcf7-aefdf84ed746,Inbound_Queue,peer,2007.723,527.12,1300.603
39:34.4,5e684929-3b8d-47d4-926e-4ad7d09388ce,Inbound_Queue,endpoint,1175.915,0,1147.915
40:02.5,8261bb15-26ea-48f4-b5e8-686de8c5ccea,Inbound_Queue,peer,17.904,0,5.904
41:03.6,70f68240-114b-419f-835e-33728e8e262f,Inbound_Queue,transfer,563.317,0,556.509
41:42.8,7692606e-6ff5-4d86-9986-3eafe5513617,Inbound_Queue,peer,107.152,0,36.152
41:50.9,d1cd42d9-cdbb-425b-9c63-4b2de8ecc92f,Inbound_Queue,peer,953.729,150.938,622.791
41:52.1,4f33a4b0-1d58-402b-9046-16d2157e3b77,Inbound_Queue,peer,484.286,3.598,476.688
42:25.1,6418b087-04b0-40d8-a517-b7cc92477aed,Inbound_Queue,peer,3003.094,0,2823.094
43:19.8,21fe413d-41f8-4141-8c83-5e392837b340,Inbound_Queue,peer,738.566,0,681.015
43:29.6,20c90d44-45f8-4a87-bcc2-6951039092ad,Inbound_Queue,peer,509.279,0,503.504
44:07.7,306af771-c40a-45ae-8657-c7b981bd3521,Inbound_Queue,endpoint,1374.223,139.336,1054.887
44:25.9,37b61721-f642-4a1c-92e4-5764373107ab,Inbound_Queue,peer,1690.995,152.785,1358.21
44:29.9,816d5491-7217-4602-9ccb-5da5112dfac8,Inbound_Queue,peer,960.85,0,958.292
45:06.4,d5486df6-8847-4eeb-ab47-076356427abf,Inbound_Queue,peer,1352.2,354.829,817.371
46:18.5,02709d36-9970-4d79-bc59-6c932dfd7c2e,Inbound_Queue,client,1526.049,84.434,1312.615
47:12.9,193caf00-bddc-4964-a034-44837daa3bb3,Inbound_Queue,client,313.981,0,133.981
47:43.9,a35eadcd-a709-4b9a-8d6c-710ceec42f56,Inbound_Queue,endpoint,2656.022,0,2476.022
47:56.4,597bddf4-8a4a-4349-af69-fd25a3e396a3,Inbound_Queue,peer,496.024,0,343.024
48:16.4,d1f986ef-1bad-4c64-9680-a3c042ffcdf3,Inbound_Queue,client,2159.04,639.958,1339.082
48:27.2,72a2b252-c880-47a3-8bef-8fe753331cfd,Inbound_Queue,peer,1392.833,0,1212.833
49:32.2,9e320771-73b1-4592-819a-7f022b7fb43a,Inbound_Queue,peer,361.581,0,301.93
50:29.7,52e08b91-dc97-48b3-bbc5-bd48451ead22,Inbound_Queue,peer,1928.356,576.113,1346.601
50:30.2,635c4df8-045d-4be4-bc5d-673938b9ee60,Inbound_Queue,peer,40.252,0,34.358
50:48.6,06131d34-d97c-4ff9-a8d0-51af3d3907c0,Inbound_Queue,peer,1057.807,0,1055.019
50:58.1,d7676e0c-8f59-428a-b165-4fa63b4f8db9,Inbound_Queue,peer,1460.302,637.584,642.718
51:05.1,8261bb15-26ea-48f4-b5e8-686de8c5ccea,Inbound_Queue,peer,2846.247,117.024,2726.253
51:11.6,0ad1d053-a3a3-4056-a412-f4ac54609ed3,Inbound_Queue,peer,444.654,0,264.654
51:29.5,0c0ef954-5e4b-4029-b7b5-2348b25edf2e,Inbound_Queue,peer,414.132,0,234.132
51:39.5,e9d88d3f-b816-407b-be29-e652e1ac8720,Inbound_Queue,transfer,689.526,0,684.942
51:43.3,a1f6fcd7-2e96-4af8-9c5d-047878b26aa4,Inbound_Queue,peer,502.022,0,383.339
51:55.6,9f3dbb17-1a42-45f6-b59c-c47b90a8a36e,Inbound_Queue,endpoint,436.537,224.463,184.074
51:56.6,255d569b-e1cf-46f4-bfba-88b4a69f5455,Inbound_Queue,peer,1403.278,135.052,1265.226
52:02.2,bed34990-b428-4868-b4b3-e18e0980dedf,Inbound_Queue,peer,1742.333,56.808,1677.564
54:09.6,ffbaedee-9796-469c-89b4-fd22cec5fff7,Inbound_Queue,endpoint,346.516,0,274.516
54:29.9,eff70e56-61a1-4c81-ac40-902f099d9017,Inbound_Queue,transfer,658.289,19.659,458.63
54:57.2,49196b79-8854-4fa5-ab83-e3f2eed52695,Inbound_Queue,transfer,2284.114,970.137,1133.977
55:02.2,addaecc5-bc24-44d4-883f-f667970c2545,Inbound_Queue,peer,688.582,0,508.582
55:09.5,f3a9065d-c4e2-44a0-a93c-bb3495afe226,Inbound_Queue,peer,652.075,140.039,332.036
55:15.9,df4e932b-8d7f-4e00-8d45-18eef77126a3,Inbound_Queue,peer,2961.317,838.642,1942.675
55:32.7,abd7e836-7c8a-42e9-98c0-25f4e65233ba,Inbound_Queue,peer,353.172,0,173.172
56:01.0,9aed926c-d44e-4772-84f2-8dd68b5f85a5,Inbound_Queue,peer,1206.147,142.733,883.414
56:02.5,3ada4c7f-b585-4818-9438-b4d5f9d61989,Inbound_Queue,peer,635.623,0,455.623
57:15.6,4e77d158-9903-4400-8e78-0d9a23a39875,Inbound_Queue,client,64.245,0,3.41
57:49.1,991de021-0e54-4cff-a83d-793551c930d7,Inbound_Queue,transfer,391.808,0,389.808
00:15.6,87dc437c-feaf-4fd3-b1a3-5676468dae1d,Inbound_Queue,client,90.181,0,80.555
00:38.5,2fdbdbbd-bf46-4ff2-a8d1-082d1edfef81,Inbound_Queue,endpoint,817.729,0,637.729
00:58.0,f75f5a38-3e79-4fe2-87a4-c375235ca13a,Inbound_Queue,client,104.936,0,65.936
01:02.6,58eea8b2-12ef-4e44-b229-af25799ac3bb,Inbound_Queue,endpoint,857.191,219.294,457.897
01:05.6,b7012e18-db86-4f79-9c20-63f445065951,Inbound_Queue,peer,1444.808,0,1264.808
02:03.0,2dcedc95-b76c-407f-a454-c527e7b47f7a,Inbound_Queue,peer,734.381,241.836,333.545
02:10.1,b4ad9889-08e7-4dd2-90c0-2fe3d2cb484a,Inbound_Queue,peer,776.562,70.034,526.528
03:09.4,eb2417e8-cb69-4cd5-a7c3-a625c808bbc8,Inbound_Queue,peer,3415.666,1186.208,2049.458
03:41.8,3bef7e85-6652-41ba-986c-d1793b5ae19a,Inbound_Queue,peer,911.907,52.304,857.603
03:53.3,aa26e2bd-1385-44f0-af87-72d3e32568b4,Inbound_Queue,transfer,2831.365,51.137,2600.228
04:00.0,21e90dac-b238-4f78-a740-02b24ae01154,Inbound_Queue,client,3205.001,1622.76,1579.55
04:01.7,6607042e-58ad-440e-a713-936f3bd890f6,Inbound_Queue,peer,504.378,0,324.378
05:13.1,730bd0f7-b90b-46dd-b0c5-f310d4e9784a,Inbound_Queue,peer,923.888,5.214,738.674
05:19.6,91ea72ce-e8d9-427c-911e-69db9d3eca9b,Inbound_Queue,peer,2295.717,668.372,1615.393
06:43.2,193caf00-bddc-4964-a034-44837daa3bb3,Inbound_Queue,peer,1531.315,596.133,755.182
06:50.8,0350e824-4af2-4216-90b4-0d6d6b37b894,Inbound_Queue,client,193.26,0,13.26
07:10.2,9e320771-73b1-4592-819a-7f022b7fb43a,Inbound_Queue,peer,677.854,82.425,571.776
07:14.1,59f8eea1-fc1a-4435-9cdd-65ebaecf7ada,Inbound_Queue,peer,2283.264,1548.294,554.97
07:45.4,d1cd42d9-cdbb-425b-9c63-4b2de8ecc92f,Inbound_Queue,peer,795.62,0,615.62
07:48.5,4e77d158-9903-4400-8e78-0d9a23a39875,Inbound_Queue,peer,1743.395,796.807,766.588
08:53.6,0c0ef954-5e4b-4029-b7b5-2348b25edf2e,Inbound_Queue,peer,899.888,0,893.888
09:19.6,0496289e-0ec0-4060-a396-eb01ed3b22d7,Inbound_Queue,peer,1100.398,83.966,836.432
09:30.8,0ad1d053-a3a3-4056-a412-f4ac54609ed3,Inbound_Queue,peer,1132.841,206.761,746.08
09:52.8,d2b5db33-03d0-46a9-a8fc-13794f4d0d6a,Inbound_Queue,client,2678.97,1606.375,892.595
10:25.9,6e881084-8174-4d5f-9f61-bc83d2d5027d,Inbound_Queue,peer,642.05,0,462.05
10:28.9,a1f6fcd7-2e96-4af8-9c5d-047878b26aa4,Inbound_Queue,peer,1181.033,165.596,874.437
10:30.1,57fe1954-e706-4ac9-a693-8f0d8b5faa5d,Inbound_Queue,peer,1588.68,800.08,665.6
11:33.9,502d6033-517a-49ef-b5a0-632601053d1c,Inbound_Queue,peer,1170.34,473.643,516.697
11:47.3,02709d36-9970-4d79-bc59-6c932dfd7c2e,Inbound_Queue,client,1282.781,282.413,952.368
12:54.4,0544876f-4db0-46be-9f60-752ec4413636,Inbound_Queue,peer,76.804,0,58.161
13:05.0,816d5491-7217-4602-9ccb-5da5112dfac8,Inbound_Queue,client,508.472,0,505.472
13:21.1,45e95999-6a22-42f4-82c2-180be47e1471,Inbound_Queue,endpoint,202.268,0,22.268
13:26.7,9dd55310-22d1-4746-99af-6de42bd7254c,Inbound_Queue,endpoint,182.202,0,2.202
14:47.8,ce0ce6d1-f299-49ff-b4e4-1afcabdd9d98,Inbound_Queue,peer,1646.043,0,1466.043
14:55.5,87dc437c-feaf-4fd3-b1a3-5676468dae1d,Inbound_Queue,peer,454.939,0,451.417
15:00.0,c9167e6d-1661-460e-bca6-da35ecb2866d,Inbound_Queue,peer,1006.399,221.308,605.091
15:15.6,f75f5a38-3e79-4fe2-87a4-c375235ca13a,Inbound_Queue,peer,1981.01,0,1846.01
15:26.8,6ddb2b56-0b3e-4a47-89f0-d49e23dcd237,Inbound_Queue,peer,3931.233,347.946,3581.287
16:05.1,c4580193-23d1-4a28-aebb-136c27848142,Inbound_Queue,peer,2104.659,0,1924.659
16:15.2,8a1bfa1e-a509-4159-a617-b144da7cde68,Inbound_Queue,peer,1397.481,268.154,949.327
16:47.3,991de021-0e54-4cff-a83d-793551c930d7,Inbound_Queue,peer,367.696,0,359.696
16:50.9,20c90d44-45f8-4a87-bcc2-6951039092ad,Inbound_Queue,peer,2069.63,105.554,1960.5
17:18.4,eff70e56-61a1-4c81-ac40-902f099d9017,Inbound_Queue,peer,2848.294,1134.17,1534.124
17:22.2,fefd5888-a8c0-4c46-8061-81b2e104efb0,Inbound_Queue,peer,2571.378,224.481,2166.897
19:56.8,addaecc5-bc24-44d4-883f-f667970c2545,Inbound_Queue,peer,1021.377,440.526,412.95
19:59.7,d5486df6-8847-4eeb-ab47-076356427abf,Inbound_Queue,peer,1281.895,0,1101.895
20:15.9,06131d34-d97c-4ff9-a8d0-51af3d3907c0,Inbound_Queue,peer,2204.711,496.69,1705.297
21:40.4,3cee4f26-b17c-4a0e-8faa-22b2f5da37a9,Inbound_Queue,peer,207.985,0,27.985
22:48.0,a4ca4f9f-4cb0-4145-9b33-1bafc45fc1ff,Inbound_Queue,peer,324.343,0,320.343
23:27.6,0350e824-4af2-4216-90b4-0d6d6b37b894,Inbound_Queue,peer,243.306,0,63.306
24:08.1,eb6e9215-042f-4f5d-9f5e-643f13daad08,Inbound_Queue,peer,693.117,0,678.17
24:15.4,a30a63b9-93eb-431e-b066-efc787235721,Inbound_Queue,peer,1278.731,132.063,1127.668
24:24.9,72a2b252-c880-47a3-8bef-8fe753331cfd,Inbound_Queue,peer,1033.162,164.932,688.23
24:36.2,809f8e6c-6117-4ab2-9100-d3a22f659893,Inbound_Queue,peer,796.375,0,616.375
24:44.1,37b61721-f642-4a1c-92e4-5764373107ab,Inbound_Queue,peer,1040.924,0,860.924
25:15.5,629c0093-a219-49a6-bcf7-aefdf84ed746,Inbound_Queue,peer,3026.034,1368.677,1477.357
26:04.8,5e6b0aa5-78f6-475d-897e-fe2036aa4250,Inbound_Queue,client,278.713,0,98.713
26:17.2,0544876f-4db0-46be-9f60-752ec4413636,Inbound_Queue,peer,1793.613,260.513,1353.1
26:17.4,2fdbdbbd-bf46-4ff2-a8d1-082d1edfef81,Inbound_Queue,endpoint,1055.527,0,875.527
27:10.2,2dcedc95-b76c-407f-a454-c527e7b47f7a,Inbound_Queue,peer,1337.723,75.23,1082.493
27:15.6,b4ad9889-08e7-4dd2-90c0-2fe3d2cb484a,Inbound_Queue,peer,5150.854,3543.181,1427.673
27:17.6,ffbaedee-9796-469c-89b4-fd22cec5fff7,Inbound_Queue,peer,811.935,77.569,721.852
28:42.3,58eea8b2-12ef-4e44-b229-af25799ac3bb,Inbound_Queue,endpoint,1492.256,387.738,924.518
28:44.2,610d92c5-8f00-4f56-b1ad-4ace5c1acc58,Inbound_Queue,peer,643.329,176.232,416.097
28:47.5,e9a52a16-8aed-4650-ae12-008a27de3264,Inbound_Queue,peer,1609.434,433.851,995.583
29:01.6,98139a66-1c8f-48e1-9954-f56f840f4d10,Inbound_Queue,peer,726.06,213.643,509.48
29:41.9,42b03f6e-403e-4eb2-9f35-8ce33d267460,Inbound_Queue,peer,1908.029,491.192,1236.837
30:13.6,adf0125d-22ab-480b-9a84-9d7889adb38c,Inbound_Queue,peer,1088.599,394.691,513.908
30:19.5,9dd55310-22d1-4746-99af-6de42bd7254c,Inbound_Queue,client,2220.972,0,2040.972
30:40.3,9f3dbb17-1a42-45f6-b59c-c47b90a8a36e,Inbound_Queue,client,151.509,0,145.633
30:47.6,9e320771-73b1-4592-819a-7f022b7fb43a,Inbound_Queue,peer,6504.781,1047.142,5277.639
32:07.3,abd7e836-7c8a-42e9-98c0-25f4e65233ba,Inbound_Queue,peer,583.237,232.514,348.163
32:18.5,ab231e97-5e63-47fb-82f6-729f15eed115,Inbound_Queue,peer,2254.482,71.138,2003.344
32:24.9,6e881084-8174-4d5f-9f61-bc83d2d5027d,Inbound_Queue,peer,2322.598,0,2142.598
32:35.3,0aa4b567-82ad-4eb3-9244-a84ac8345c32,Inbound_Queue,peer,683.271,0,503.271
32:47.0,816d5491-7217-4602-9ccb-5da5112dfac8,Inbound_Queue,client,1307.258,101.05,1203.539
32:51.5,87dc437c-feaf-4fd3-b1a3-5676468dae1d,Inbound_Queue,peer,435.542,0,390.542
32:51.6,0c0ef954-5e4b-4029-b7b5-2348b25edf2e,Inbound_Queue,peer,584.819,0,578.819
33:18.6,02709d36-9970-4d79-bc59-6c932dfd7c2e,Inbound_Queue,client,2902.97,578.24,2229.014
33:50.2,730bd0f7-b90b-46dd-b0c5-f310d4e9784a,Inbound_Queue,peer,306.872,0,126.872
34:21.8,3bef7e85-6652-41ba-986c-d1793b5ae19a,Inbound_Queue,peer,979.047,389.99,583.16
34:44.1,bf3a8e4d-82ea-4ca8-a203-f2d40f97551c,Inbound_Queue,peer,713.392,0,533.392
34:49.0,f7b69e0d-7656-439f-9383-e764e09c32ef,Inbound_Queue,peer,640.95,1.802,632.522
34:58.1,6607042e-58ad-440e-a713-936f3bd890f6,Inbound_Queue,peer,3688.32,1693.562,1814.758
35:38.9,3ada4c7f-b585-4818-9438-b4d5f9d61989,Inbound_Queue,peer,946.209,207.823,558.386
36:32.1,0350e824-4af2-4216-90b4-0d6d6b37b894,Inbound_Queue,peer,217.622,0,37.622
36:33.4,0496289e-0ec0-4060-a396-eb01ed3b22d7,Inbound_Queue,peer,1259.321,459.775,619.546
36:52.3,a9db4161-ec04-4fe1-8fa9-4645b96ff374,Inbound_Queue,peer,732.17,205.873,346.297
36:53.6,e0fe5905-960d-46cd-ae8c-5b60b07dd531,Inbound_Queue,peer,1961.696,1315.197,573.662
36:58.7,6a04b882-aee7-46ae-ab7c-a897612b4f48,Inbound_Queue,peer,475.76,0,295.76
37:23.1,70f68240-114b-419f-835e-33728e8e262f,Inbound_Queue,peer,754.728,0,752.952
38:49.4,4f33a4b0-1d58-402b-9046-16d2157e3b77,Inbound_Queue,peer,1099.811,183.363,895.661
40:01.9,c3142bb9-3dc4-45c3-ab42-32d6875110ee,Inbound_Queue,peer,1353.784,10.95,1162.834
40:15.5,5e6b0aa5-78f6-475d-897e-fe2036aa4250,Inbound_Queue,peer,3072.53,334.985,2557.545
40:15.6,502d6033-517a-49ef-b5a0-632601053d1c,Inbound_Queue,peer,454.376,56.936,217.44
41:08.8,c9167e6d-1661-460e-bca6-da35ecb2866d,Inbound_Queue,peer,1725.249,671.23,874.019
41:21.5,1c2a0e5d-c17e-4919-9546-46d2d792021a,Inbound_Queue,peer,2728.571,534.012,2014.559
42:07.6,6418b087-04b0-40d8-a517-b7cc92477aed,Inbound_Queue,peer,2136.333,0,2004.333
42:15.5,b16a44d9-b58a-49ff-bc25-8155079eac20,Inbound_Queue,peer,813.267,138.888,494.379
42:33.2,c3557b79-457d-491d-80f5-5e2c46eb193e,Inbound_Queue,peer,4402.599,443.914,3778.685
42:58.0,addaecc5-bc24-44d4-883f-f667970c2545,Inbound_Queue,peer,272.281,0,92.281
44:04.2,57fe1954-e706-4ac9-a693-8f0d8b5faa5d,Inbound_Queue,peer,1443.853,0,1441.118
45:02.2,f3a9065d-c4e2-44a0-a93c-bb3495afe226,Inbound_Queue,transfer,715.807,71.475,464.332
45:06.4,610d92c5-8f00-4f56-b1ad-4ace5c1acc58,Inbound_Queue,peer,4197.984,2.805,4017.179
45:54.3,8a1bfa1e-a509-4159-a617-b144da7cde68,Inbound_Queue,peer,1309.648,158.345,971.303
46:58.3,991de021-0e54-4cff-a83d-793551c930d7,Inbound_Queue,peer,2415.173,561.025,1674.148
47:05.3,87dc437c-feaf-4fd3-b1a3-5676468dae1d,Inbound_Queue,peer,65.677,0,60.979
48:19.9,0350e824-4af2-4216-90b4-0d6d6b37b894,Inbound_Queue,transfer,433.652,4.524,249.128
49:41.3,ffbaedee-9796-469c-89b4-fd22cec5fff7,Inbound_Queue,peer,302.885,0,122.885
49:42.8,abd7e836-7c8a-42e9-98c0-25f4e65233ba,Inbound_Queue,peer,2267.313,562.102,1703.211
50:03.1,37b61721-f642-4a1c-92e4-5764373107ab,Inbound_Queue,peer,922.134,0,742.134
50:14.5,df4e932b-8d7f-4e00-8d45-18eef77126a3,Inbound_Queue,peer,2297.589,331.006,1786.583
51:38.1,6a04b882-aee7-46ae-ab7c-a897612b4f48,Inbound_Queue,peer,924.006,0,744.006
52:50.5,4e77d158-9903-4400-8e78-0d9a23a39875,Inbound_Queue,peer,783.038,166.536,551.502
54:23.7,f024f6da-ffb2-42ab-ac8a-06bde41270df,Inbound_Queue,peer,392.611,0,309.827
55:49.1,d8faa74c-3219-4337-850b-fb9954a4bf2a,Inbound_Queue,client,1403.06,4.384,1218.676
56:06.1,59f8eea1-fc1a-4435-9cdd-65ebaecf7ada,Inbound_Queue,peer,474.851,0,294.851
56:39.3,f7b69e0d-7656-439f-9383-e764e09c32ef,Inbound_Queue,peer,1488.916,166.61,1142.306
56:44.7,3cee4f26-b17c-4a0e-8faa-22b2f5da37a9,Inbound_Queue,peer,482.595,0,302.595
57:19.8,bf3a8e4d-82ea-4ca8-a203-f2d40f97551c,Inbound_Queue,endpoint,1603.992,21.508,1402.484
57:43.0,11198704-25fa-4c04-8371-77d2253d8ca9,Inbound_Queue,peer,935.66,263.073,492.587
58:49.2,193caf00-bddc-4964-a034-44837daa3bb3,Inbound_Queue,transfer,692.594,5.803,506.791
59:22.7,502d6033-517a-49ef-b5a0-632601053d1c,Inbound_Queue,peer,1719.902,420.361,1119.541
00:44.8,20b5fddc-f6b0-43c2-b435-f8d6ddf250b0,Inbound_Queue,peer,790.814,0,627.895
00:54.2,87dc437c-feaf-4fd3-b1a3-5676468dae1d,Inbound_Queue,transfer,241.45,0,235.452
02:00.3,adf0125d-22ab-480b-9a84-9d7889adb38c,Inbound_Queue,endpoint,206.983,0,26.983
02:56.3,46f7670a-55bd-4c83-8036-184c5b14b5fe,Inbound_Queue,peer,8324.934,2476.722,5829.212
03:46.6,a9db4161-ec04-4fe1-8fa9-4645b96ff374,Inbound_Queue,peer,1770.412,0,1590.412
04:08.1,d7676e0c-8f59-428a-b165-4fa63b4f8db9,Inbound_Queue,peer,414.949,0,234.949
04:29.1,2dcedc95-b76c-407f-a454-c527e7b47f7a,Inbound_Queue,peer,832.096,0,652.096
05:08.2,eb6e9215-042f-4f5d-9f5e-643f13daad08,Inbound_Queue,peer,1570.014,92.485,1471.893
05:24.3,70f68240-114b-419f-835e-33728e8e262f,Inbound_Queue,peer,1377.324,0,1374.324
06:20.9,735df99e-ecf2-465f-9b23-af57f9816040,Inbound_Queue,peer,4111.343,770.269,3161.074
07:40.7,0aa4b567-82ad-4eb3-9244-a84ac8345c32,Inbound_Queue,peer,1002.801,99.883,722.918
07:52.2,ffbaedee-9796-469c-89b4-fd22cec5fff7,Inbound_Queue,peer,1265.227,0,1182.664
08:51.4,a30a63b9-93eb-431e-b066-efc787235721,Inbound_Queue,peer,6441.792,341.143,5985.649
08:52.8,e9a52a16-8aed-4650-ae12-008a27de3264,Inbound_Queue,peer,1108.257,0,928.257
09:05.0,b16a44d9-b58a-49ff-bc25-8155079eac20,Inbound_Queue,peer,2539.646,772.758,1586.888
10:42.5,0544876f-4db0-46be-9f60-752ec4413636,Inbound_Queue,peer,1950.44,878.132,892.308
11:47.5,e974e08f-6dff-4187-a7c2-e21cad1e7452,Inbound_Queue,peer,503.569,1.138,500.549
11:50.4,06131d34-d97c-4ff9-a8d0-51af3d3907c0,Inbound_Queue,peer,854.319,560.86,287.931
11:57.3,21e90dac-b238-4f78-a740-02b24ae01154,Inbound_Queue,peer,806.904,0,633.904
13:44.9,20c90d44-45f8-4a87-bcc2-6951039092ad,Inbound_Queue,peer,1678.726,0,1675.726
15:29.4,98139a66-1c8f-48e1-9954-f56f840f4d10,Inbound_Queue,client,1413.168,344.206,1065.962
16:29.0,725f01db-66fe-4dc6-a990-93a7a68bf8d3,Inbound_Queue,peer,3395.04,1754.07,1637.97
17:04.7,8f1636c7-6256-4cd8-b997-bda87fc62a81,Inbound_Queue,peer,1111.793,318.295,613.498
17:49.1,94092f0b-90d3-45e2-b500-4debea87dfa4,Inbound_Queue,peer,988.535,293.782,687.78
17:50.6,0c0ef954-5e4b-4029-b7b5-2348b25edf2e,Inbound_Queue,peer,5872.403,3143.387,2725.306
18:54.4,0d7185ba-bb22-4cd1-980f-7ef567a7e79c,Inbound_Queue,peer,604.866,0.692,600.174
20:29.0,84eca844-80a4-4c06-b2f3-a9317ba97d9a,Inbound_Queue,peer,1692.615,107.614,1405.001
20:50.0,c3142bb9-3dc4-45c3-ab42-32d6875110ee,Inbound_Queue,peer,638.826,0,458.826
21:45.7,02709d36-9970-4d79-bc59-6c932dfd7c2e,Inbound_Queue,peer,1004.815,358.573,466.242
21:59.8,3cee4f26-b17c-4a0e-8faa-22b2f5da37a9,Inbound_Queue,peer,812.484,0,632.484
22:08.9,aa26e2bd-1385-44f0-af87-72d3e32568b4,Inbound_Queue,client,1300.627,76.799,1043.828
22:17.0,6a04b882-aee7-46ae-ab7c-a897612b4f48,Inbound_Queue,peer,898.195,256.722,461.473
22:47.9,8a1bfa1e-a509-4159-a617-b144da7cde68,Inbound_Queue,peer,184.566,0,4.566
25:19.3,57fe1954-e706-4ac9-a693-8f0d8b5faa5d,Inbound_Queue,transfer,1723.139,2.631,1540.508
25:37.8,036312a0-c289-46d9-b602-d686886d3728,Inbound_Queue,peer,1078.696,0,1060.979
26:06.1,ab231e97-5e63-47fb-82f6-729f15eed115,Inbound_Queue,peer,744.653,0,564.653
26:14.6,c9167e6d-1661-460e-bca6-da35ecb2866d,Inbound_Queue,peer,1009.767,481.9,347.867
27:40.0,193caf00-bddc-4964-a034-44837daa3bb3,Inbound_Queue,client,862.774,0,682.774
31:39.0,d7676e0c-8f59-428a-b165-4fa63b4f8db9,Inbound_Queue,peer,1493.723,159.935,1153.788
31:52.8,20b5fddc-f6b0-43c2-b435-f8d6ddf250b0,Inbound_Queue,peer,1291.33,116.197,1067.133
31:53.0,6e881084-8174-4d5f-9f61-bc83d2d5027d,Inbound_Queue,peer,1246.679,0,1066.679
32:37.3,cdb24e83-c04b-4ec9-927c-1edb726f88ed,Inbound_Queue,transfer,605.437,162.883,372.651
33:04.1,eb2417e8-cb69-4cd5-a7c3-a625c808bbc8,Inbound_Queue,client,1768.052,919.864,668.188
34:24.3,a35eadcd-a709-4b9a-8d6c-710ceec42f56,Inbound_Queue,endpoint,852.92,0,672.92
35:23.6,45e95999-6a22-42f4-82c2-180be47e1471,Inbound_Queue,peer,4914.008,1690.682,3043.326
35:39.1,4f33a4b0-1d58-402b-9046-16d2157e3b77,Inbound_Queue,transfer,929.101,260.584,632.517
35:51.9,2dcedc95-b76c-407f-a454-c527e7b47f7a,Inbound_Queue,peer,545.954,0,416.015
36:52.0,d8faa74c-3219-4337-850b-fb9954a4bf2a,Inbound_Queue,transfer,419.294,7.798,231.496
37:06.6,e974e08f-6dff-4187-a7c2-e21cad1e7452,Inbound_Queue,peer,1354.949,426.893,925.497
39:48.7,c4580193-23d1-4a28-aebb-136c27848142,Inbound_Queue,peer,663.359,0,483.359
40:26.2,37b61721-f642-4a1c-92e4-5764373107ab,Inbound_Queue,peer,1123.47,62.616,880.854
40:44.2,f7b69e0d-7656-439f-9383-e764e09c32ef,Inbound_Queue,peer,664.337,115.638,516.699
42:27.9,52e08b91-dc97-48b3-bbc5-bd48451ead22,Inbound_Queue,peer,1650.722,537.828,987.287
43:22.8,bf3a8e4d-82ea-4ca8-a203-f2d40f97551c,Inbound_Queue,peer,1495.557,0,1315.557
44:44.6,0496289e-0ec0-4060-a396-eb01ed3b22d7,Inbound_Queue,peer,771.645,0,591.645
45:46.1,0aa4b567-82ad-4eb3-9244-a84ac8345c32,Inbound_Queue,peer,1855.363,464.915,1210.448
51:10.9,1c2a0e5d-c17e-4919-9546-46d2d792021a,Inbound_Queue,endpoint,1556.986,0,1376.986
51:17.3,5e684929-3b8d-47d4-926e-4ad7d09388ce,Inbound_Queue,peer,812.77,0,743.068
51:25.8,9aed926c-d44e-4772-84f2-8dd68b5f85a5,Inbound_Queue,endpoint,4678.186,672.818,3825.368
52:02.5,629c0093-a219-49a6-bcf7-aefdf84ed746,Inbound_Queue,peer,655.584,370.431,267.366
54:56.6,02709d36-9970-4d79-bc59-6c932dfd7c2e,Inbound_Queue,client,523.344,0,343.344
56:14.6,c3142bb9-3dc4-45c3-ab42-32d6875110ee,Inbound_Queue,peer,466.693,0,286.693
59:25.8,a4ca4f9f-4cb0-4145-9b33-1bafc45fc1ff,Inbound_Queue,peer,802.412,129.102,569.567
59:59.0,adf0125d-22ab-480b-9a84-9d7889adb38c,Inbound_Queue,client,929.264,0,749.264
02:10.3,3cee4f26-b17c-4a0e-8faa-22b2f5da37a9,Inbound_Queue,peer,1073.1,0,893.1
02:31.0,4e77d158-9903-4400-8e78-0d9a23a39875,Inbound_Queue,peer,852.581,340.629,449.368
02:37.7,6a04b882-aee7-46ae-ab7c-a897612b4f48,Inbound_Queue,peer,954.26,84.965,689.295
03:24.8,8f1636c7-6256-4cd8-b997-bda87fc62a81,Inbound_Queue,peer,2086.742,1071.429,835.313
04:09.8,02709d36-9970-4d79-bc59-6c932dfd7c2e,Inbound_Queue,peer,1151.535,91.834,879.701
05:41.1,ab231e97-5e63-47fb-82f6-729f15eed115,Inbound_Queue,endpoint,708.2,0,528.2
05:45.9,11198704-25fa-4c04-8371-77d2253d8ca9,Inbound_Queue,peer,518.853,0,338.853
06:28.3,f93467b7-b7e3-4dfd-9305-d39492513cc4,Inbound_Queue,peer,2349.918,118.436,2227.825
09:15.2,59f8eea1-fc1a-4435-9cdd-65ebaecf7ada,Inbound_Queue,peer,915.142,22.719,712.423
11:50.5,193caf00-bddc-4964-a034-44837daa3bb3,Inbound_Queue,client,1412.646,1.923,1230.723
14:15.7,d8faa74c-3219-4337-850b-fb9954a4bf2a,Inbound_Queue,client,2344.416,3.373,2161.043
14:39.0,9f3dbb17-1a42-45f6-b59c-c47b90a8a36e,Inbound_Queue,peer,313.425,0,311.425
14:45.5,aa26e2bd-1385-44f0-af87-72d3e32568b4,Inbound_Queue,client,531.576,0,351.576
16:49.1,58eea8b2-12ef-4e44-b229-af25799ac3bb,Inbound_Queue,transfer,594.991,0,414.991
17:20.9,42b03f6e-403e-4eb2-9f35-8ce33d267460,Inbound_Queue,client,493.211,0,313.211
18:26.4,d6e29412-dfdd-45c1-a597-29a960a5c5f8,Inbound_Queue,peer,3629.909,1770.121,1679.788
19:04.6,a35eadcd-a709-4b9a-8d6c-710ceec42f56,Inbound_Queue,peer,1148.34,3.59,964.75
19:46.9,9dd55310-22d1-4746-99af-6de42bd7254c,Inbound_Queue,client,1061.616,0,881.616
20:35.6,df4e932b-8d7f-4e00-8d45-18eef77126a3,Inbound_Queue,peer,1912.566,695.176,1037.39
21:01.2,816d5491-7217-4602-9ccb-5da5112dfac8,Inbound_Queue,peer,1638.951,106.208,1530.743
22:08.5,c3557b79-457d-491d-80f5-5e2c46eb193e,Inbound_Queue,transfer,452.976,47.734,225.242
23:13.4,e9a52a16-8aed-4650-ae12-008a27de3264,Inbound_Queue,client,624.718,0,444.718
25:35.6,37b61721-f642-4a1c-92e4-5764373107ab,Inbound_Queue,peer,749.633,0,569.633
26:22.5,2dcedc95-b76c-407f-a454-c527e7b47f7a,Inbound_Queue,peer,4305.369,741.899,3383.47
27:23.1,8a1bfa1e-a509-4159-a617-b144da7cde68,Inbound_Queue,peer,3301.177,672.165,2449.012
27:28.5,e974e08f-6dff-4187-a7c2-e21cad1e7452,Inbound_Queue,peer,1396.294,0,1394.294
28:35.1,036312a0-c289-46d9-b602-d686886d3728,Inbound_Queue,peer,1859.304,208.994,1646.31
29:22.6,6607042e-58ad-440e-a713-936f3bd890f6,Inbound_Queue,peer,387.541,0,207.541
29:48.9,c4580193-23d1-4a28-aebb-136c27848142,Inbound_Queue,client,863.622,0,683.622
33:40.5,f024f6da-ffb2-42ab-ac8a-06bde41270df,Inbound_Queue,endpoint,1562.203,596.174,901.029
35:05.7,b4ad9889-08e7-4dd2-90c0-2fe3d2cb484a,Inbound_Queue,peer,482.28,0,302.28
35:49.6,6e881084-8174-4d5f-9f61-bc83d2d5027d,Inbound_Queue,peer,550.461,0,370.461
37:00.2,bf3a8e4d-82ea-4ca8-a203-f2d40f97551c,Inbound_Queue,peer,473.842,0,293.842
37:01.2,52e08b91-dc97-48b3-bbc5-bd48451ead22,Inbound_Queue,peer,217.404,0,44.404
38:57.9,610d92c5-8f00-4f56-b1ad-4ace5c1acc58,Inbound_Queue,peer,366.082,0,272.122
42:25.7,ce10f099-657a-4707-a80c-a5d10466d0ce,Inbound_Queue,peer,611.296,129.811,472.764
43:22.8,a4ca4f9f-4cb0-4145-9b33-1bafc45fc1ff,Inbound_Queue,client,175.596,53.208,119.666
45:33.6,725f01db-66fe-4dc6-a990-93a7a68bf8d3,Inbound_Queue,endpoint,1269.191,0,1250.224
46:07.4,98139a66-1c8f-48e1-9954-f56f840f4d10,Inbound_Queue,peer,19.936,0,12.936
46:47.4,adf0125d-22ab-480b-9a84-9d7889adb38c,Inbound_Queue,peer,188.471,0,8.471
47:27.3,cdb24e83-c04b-4ec9-927c-1edb726f88ed,Inbound_Queue,endpoint,788.07,105.294,563.089
48:07.1,abd7e836-7c8a-42e9-98c0-25f4e65233ba,Inbound_Queue,endpoint,1277.42,210.298,887.122
48:19.6,4e77d158-9903-4400-8e78-0d9a23a39875,Inbound_Queue,client,99.288,0,70.727
48:40.2,49196b79-8854-4fa5-ab83-e3f2eed52695,Inbound_Queue,transfer,553.658,46.706,326.952
50:37.4,aa26e2bd-1385-44f0-af87-72d3e32568b4,Inbound_Queue,client,3066.246,2.207,2884.039
53:06.2,3bef7e85-6652-41ba-986c-d1793b5ae19a,Inbound_Queue,endpoint,365.62,0,331.105
53:57.7,06131d34-d97c-4ff9-a8d0-51af3d3907c0,Inbound_Queue,endpoint,305.979,0,271.979
56:32.6,59f8eea1-fc1a-4435-9cdd-65ebaecf7ada,Inbound_Queue,peer,681.633,0,501.633
58:34.5,58eea8b2-12ef-4e44-b229-af25799ac3bb,Inbound_Queue,peer,847.314,0,667.314
59:04.6,20b5fddc-f6b0-43c2-b435-f8d6ddf250b0,Inbound_Queue,endpoint,618.821,69.216,369.605
59:33.2,5e6b0aa5-78f6-475d-897e-fe2036aa4250,Inbound_Queue,client,253.756,0,73.756
00:09.8,e9a52a16-8aed-4650-ae12-008a27de3264,Inbound_Queue,transfer,623.074,15.385,427.689
01:04.9,6607042e-58ad-440e-a713-936f3bd890f6,Inbound_Queue,peer,1377.404,0,1197.404
02:14.9,c3142bb9-3dc4-45c3-ab42-32d6875110ee,Inbound_Queue,peer,905.389,53.249,672.14
02:24.0,c4580193-23d1-4a28-aebb-136c27848142,Inbound_Queue,peer,2030.243,1251.371,598.872
02:36.7,6e881084-8174-4d5f-9f61-bc83d2d5027d,Inbound_Queue,peer,593.33,0,413.33
06:28.2,6a04b882-aee7-46ae-ab7c-a897612b4f48,Inbound_Queue,peer,1880.557,495.642,1204.915
06:56.6,5e684929-3b8d-47d4-926e-4ad7d09388ce,Inbound_Queue,peer,761.875,0,620.881
07:31.0,94092f0b-90d3-45e2-b500-4debea87dfa4,Inbound_Queue,peer,1889.739,164.228,1721.83
09:27.4,a4ca4f9f-4cb0-4145-9b33-1bafc45fc1ff,Inbound_Queue,peer,1556.15,860.678,692.807
09:53.2,816d5491-7217-4602-9ccb-5da5112dfac8,Inbound_Queue,peer,420.111,0,418.111
10:05.8,df4e932b-8d7f-4e00-8d45-18eef77126a3,Inbound_Queue,peer,764.456,0,584.456
10:09.2,c3557b79-457d-491d-80f5-5e2c46eb193e,Inbound_Queue,peer,637.319,0,457.319
12:31.4,49196b79-8854-4fa5-ab83-e3f2eed52695,Inbound_Queue,peer,3146.854,347.111,2708.743
15:23.3,735df99e-ecf2-465f-9b23-af57f9816040,Inbound_Queue,transfer,726.924,4.358,542.566
15:26.9,1c2a0e5d-c17e-4919-9546-46d2d792021a,Inbound_Queue,endpoint,2474.388,700.535,1593.853
17:35.4,0aa4b567-82ad-4eb3-9244-a84ac8345c32,Inbound_Queue,peer,2496.47,220.063,2096.407
18:03.2,ab231e97-5e63-47fb-82f6-729f15eed115,Inbound_Queue,peer,1798.847,0,1618.847
18:58.3,42b03f6e-403e-4eb2-9f35-8ce33d267460,Inbound_Queue,peer,580.894,0,400.894
19:33.3,bf3a8e4d-82ea-4ca8-a203-f2d40f97551c,Inbound_Queue,peer,1990.415,294.152,1516.263
22:24.6,84eca844-80a4-4c06-b2f3-a9317ba97d9a,Inbound_Queue,peer,542.329,0,362.329
23:56.5,a35eadcd-a709-4b9a-8d6c-710ceec42f56,Inbound_Queue,endpoint,1967.032,0,1787.032
26:18.7,f93467b7-b7e3-4dfd-9305-d39492513cc4,Inbound_Queue,peer,1830.221,428.173,1222.048
28:46.9,5e6b0aa5-78f6-475d-897e-fe2036aa4250,Inbound_Queue,transfer,291.32,0,111.32
29:33.7,11198704-25fa-4c04-8371-77d2253d8ca9,Inbound_Queue,peer,605.748,39.636,386.112
34:58.6,0ef995ad-3755-4c7a-a4ff-8452e51e43bf,Inbound_Queue,endpoint,11.72,0,3.169
35:49.4,0ef995ad-3755-4c7a-a4ff-8452e51e43bf,Inbound_Queue,peer,2840.372,2068.585,591.787
37:13.1,e974e08f-6dff-4187-a7c2-e21cad1e7452,Inbound_Queue,peer,2366.368,0,2364.368
40:17.6,d8faa74c-3219-4337-850b-fb9954a4bf2a,Inbound_Queue,client,7026.866,1258.359,5588.507
41:11.6,e9a52a16-8aed-4650-ae12-008a27de3264,Inbound_Queue,peer,727.923,0,547.923
43:09.2,a30a63b9-93eb-431e-b066-efc787235721,Inbound_Queue,transfer,235.948,0,228.948
56:27.8,9dd55310-22d1-4746-99af-6de42bd7254c,Inbound_Queue,client,1170.519,135.818,854.701
59:54.6,c3142bb9-3dc4-45c3-ab42-32d6875110ee,Inbound_Queue,peer,827.058,111.329,535.729
02:25.6,725f01db-66fe-4dc6-a990-93a7a68bf8d3,Inbound_Queue,peer,636.401,0,631.813
04:03.1,52e08b91-dc97-48b3-bbc5-bd48451ead22,Inbound_Queue,peer,751.168,388.967,324.201
10:24.8,735df99e-ecf2-465f-9b23-af57f9816040,Inbound_Queue,peer,768.682,55.763,532.919
15:30.6,42b03f6e-403e-4eb2-9f35-8ce33d267460,Inbound_Queue,client,1382.596,34.652,1167.944
24:26.2,5e684929-3b8d-47d4-926e-4ad7d09388ce,Inbound_Queue,peer,705.309,0,569.309
31:52.8,3bef7e85-6652-41ba-986c-d1793b5ae19a,Inbound_Queue,peer,1764.368,95.002,1663.758
36:56.4,84eca844-80a4-4c06-b2f3-a9317ba97d9a,Inbound_Queue,peer,219.851,0,39.851
38:56.9,816d5491-7217-4602-9ccb-5da5112dfac8,Inbound_Queue,peer,1136.8,76.487,1058.313
39:15.4,46f7670a-55bd-4c83-8036-184c5b14b5fe,Inbound_Queue,client,291.126,0,111.126
42:36.8,ab231e97-5e63-47fb-82f6-729f15eed115,Inbound_Queue,client,365.02,0,185.02
43:04.8,c3557b79-457d-491d-80f5-5e2c46eb193e,Inbound_Queue,peer,1099.242,0,919.242
45:06.7,11198704-25fa-4c04-8371-77d2253d8ca9,Inbound_Queue,client,241.359,0,61.359
46:24.3,1c2a0e5d-c17e-4919-9546-46d2d792021a,Inbound_Queue,endpoint,176.181,0,11.566
47:37.9,a35eadcd-a709-4b9a-8d6c-710ceec42f56,Inbound_Queue,peer,3037.82,0,2857.82
48:02.4,0aa4b567-82ad-4eb3-9244-a84ac8345c32,Inbound_Queue,peer,1256.319,208.459,975.86
54:56.0,bf3a8e4d-82ea-4ca8-a203-f2d40f97551c,Inbound_Queue,peer,2636.762,20.072,2481.022
01:20.6,7cb2b3b9-b20b-496f-a7d1-b231ac85d46c,Inbound_Queue,peer,834.723,0,654.723
05:55.1,6dbc2dd2-b185-4e2a-9ce7-081b7bb09dd7,Inbound_Queue,client,809.469,133.264,496.205
09:07.7,3670d403-6e94-4e4a-ac94-918146030f11,Inbound_Queue,peer,500.47,0,488.47
12:48.8,8edfd986-7da5-4c4b-81c3-83266f2a9955,Inbound_Queue,peer,2153.865,0,1973.865
14:24.0,2f8ce95f-a182-4416-b140-458a8a0ed96c,Inbound_Queue,endpoint,182.876,0,2.876
15:05.2,040166c5-a05b-4be2-9fdd-049fcd04f498,Inbound_Queue,peer,1226.763,517.402,529.361
15:28.4,abe98fb6-ba3f-4079-9f33-fde23a046243,Inbound_Queue,peer,1015.485,0,835.485
16:12.4,1a1b0387-e91a-432b-afee-1421669d3709,Inbound_Queue,peer,1163.899,0,983.899
16:39.7,42c439e6-9c60-48e5-b0a4-46e49c341158,Inbound_Queue,peer,901.986,462.454,259.532
17:35.8,b0996dc3-b802-443c-8596-98eca7bc63f4,Inbound_Queue,peer,755.132,0,575.132
17:50.9,af512203-3ea2-48d5-bbf5-e46ae915d4d8,Inbound_Queue,peer,745.389,0,565.389
20:06.9,5867c9ef-4b00-4c2e-8626-049028df8d80,Inbound_Queue,peer,1366.348,568.454,617.894
21:09.4,bed34990-b428-4868-b4b3-e18e0980dedf,Inbound_Queue,peer,983.026,0,980.365
24:34.2,1de5336c-7f42-4615-8c87-4ac11784ee8f,Inbound_Queue,peer,3065.279,2093.863,791.416
24:53.5,1a84cf8f-6efc-4f95-a0bb-89f4d017a800,Inbound_Queue,peer,817.389,284.289,353.1
37:57.3,8261bb15-26ea-48f4-b5e8-686de8c5ccea,Inbound_Queue,peer,3058.106,539.084,2516.309
42:55.2,70cdc787-a19d-4670-95ab-d5ce98e547ae,Inbound_Queue,peer,580.659,0,578.659
47:03.6,457eb428-bc02-4f52-b77d-e63756825e07,Inbound_Queue,conferenceTransfer,5619.654,1768.832,3670.822
47:39.5,63bb6f93-004c-4a79-8d01-7de24f75241b,Inbound_Queue,peer,1711.268,566.875,1023.393
48:18.3,290a5fa8-690f-4518-bb22-96dcff43a265,Inbound_Queue,peer,577.257,0,574.736
48:57.9,f0b45afb-1194-4ce8-8e8e-356c8c4a5474,Inbound_Queue,peer,1927.007,344.288,1402.719
50:11.0,e2fa5f27-e8ad-4205-9138-29ce9ac6a892,Inbound_Queue,peer,1665.231,1.03,1662.201
51:05.5,7692606e-6ff5-4d86-9986-3eafe5513617,Inbound_Queue,peer,210.293,0,30.293
51:30.6,b8b5a757-7176-499d-b93d-8feebb36c09f,Inbound_Queue,peer,2474.195,2.048,2469.147
53:03.7,ea63a7f4-000e-44c3-9a17-c94ba222767e,Inbound_Queue,client,317.419,0,248.419
53:36.7,397cbba2-3e6a-41d8-84bb-bb4c8775bea0,Inbound_Queue,peer,2913.941,1476.351,1432.59
58:14.9,b261c99d-c5b6-4f45-839a-e263bc49c626,Inbound_Queue,peer,4054.031,836.612,3037.419
59:10.4,14dfa860-b731-4b36-9e5f-e3da58bfa76f,Inbound_Queue,client,903.767,348.355,375.412
02:17.2,597bddf4-8a4a-4349-af69-fd25a3e396a3,Inbound_Queue,peer,3476.47,0,3333.47
04:11.4,2bf90acd-41df-4bba-8c5a-2a3c7b9d6840,Inbound_Queue,peer,328.254,0.074,326.18
04:31.9,53d692a1-d4da-4d9d-a256-33737d264b15,Inbound_Queue,peer,366.097,0,186.097
05:51.2,80fbca02-82b9-4150-a5b7-245cd4a32edb,Inbound_Queue,peer,1507.637,0,1327.637
08:37.5,b0996dc3-b802-443c-8596-98eca7bc63f4,Inbound_Queue,peer,1143.048,222.056,848.086
09:23.0,af512203-3ea2-48d5-bbf5-e46ae915d4d8,Inbound_Queue,peer,489.287,0,309.287
09:25.8,abe98fb6-ba3f-4079-9f33-fde23a046243,Inbound_Queue,peer,1367.795,0,1187.795
09:51.0,1a1b0387-e91a-432b-afee-1421669d3709,Inbound_Queue,peer,2014.005,0,1834.005
10:54.0,bed34990-b428-4868-b4b3-e18e0980dedf,Inbound_Queue,peer,318.588,0,316.588
13:02.1,d9bf7ded-41f3-4612-9b26-705798cac7aa,Inbound_Queue,peer,378.206,0,356.206
13:41.3,1a84cf8f-6efc-4f95-a0bb-89f4d017a800,Inbound_Queue,peer,532.985,0,352.985
14:24.3,a1f6fcd7-2e96-4af8-9c5d-047878b26aa4,Inbound_Queue,peer,670.789,0,490.789
15:24.5,040166c5-a05b-4be2-9fdd-049fcd04f498,Inbound_Queue,peer,698.118,0,518.118
16:09.5,2adad817-f8f6-4b84-876b-7f2153a1232e,Inbound_Queue,endpoint,440.774,138.627,262.233
18:32.9,5867c9ef-4b00-4c2e-8626-049028df8d80,Inbound_Queue,client,186.282,0,6.282
19:16.7,d1cd42d9-cdbb-425b-9c63-4b2de8ecc92f,Inbound_Queue,peer,1074.996,0,894.996
19:32.1,54ea8c3b-6ecf-4585-9f16-e952cd6b249b,Inbound_Queue,peer,450.094,0,442.094
20:05.9,42c439e6-9c60-48e5-b0a4-46e49c341158,Inbound_Queue,peer,2592.109,0,2412.109
22:07.3,255d569b-e1cf-46f4-bfba-88b4a69f5455,Inbound_Queue,peer,703.145,69.205,626.94
23:08.0,7cb2b3b9-b20b-496f-a7d1-b231ac85d46c,Inbound_Queue,peer,2051.055,64.28,1806.775
24:01.0,70cdc787-a19d-4670-95ab-d5ce98e547ae,Inbound_Queue,peer,1274.4,149.439,944.961
25:01.4,7692606e-6ff5-4d86-9986-3eafe5513617,Inbound_Queue,peer,231.623,0,51.623
26:26.9,d1f986ef-1bad-4c64-9680-a3c042ffcdf3,Inbound_Queue,client,3658.188,2645.356,832.832
26:27.5,ea63a7f4-000e-44c3-9a17-c94ba222767e,Inbound_Queue,peer,292.948,0,280.948
26:52.5,d5486df6-8847-4eeb-ab47-076356427abf,Inbound_Queue,peer,1449.548,178.247,1091.301
27:01.8,4ff996ef-9f41-4fc7-9894-333cd0364bcc,Inbound_Queue,peer,2281.645,0,2234.645
27:11.9,38208d11-2452-41a2-b909-540e3c6483e1,Inbound_Queue,peer,2460.621,952.612,1418.009
27:44.0,8716932b-1c67-4002-8a55-9c2b20eaca79,Inbound_Queue,client,3624.941,1462.548,1982.393
28:00.2,2bf90acd-41df-4bba-8c5a-2a3c7b9d6840,Inbound_Queue,peer,945.175,159.357,697.818
29:23.8,14dfa860-b731-4b36-9e5f-e3da58bfa76f,Inbound_Queue,client,1614.216,644.074,790.142
29:42.3,6ddb2b56-0b3e-4a47-89f0-d49e23dcd237,Inbound_Queue,peer,2257.944,146.72,2108.224
30:14.3,1de5336c-7f42-4615-8c87-4ac11784ee8f,Inbound_Queue,peer,1631.329,0,1451.329
31:26.1,20c90d44-45f8-4a87-bcc2-6951039092ad,Inbound_Queue,peer,304.366,0,296.366
32:27.2,af512203-3ea2-48d5-bbf5-e46ae915d4d8,Inbound_Queue,peer,939.75,139.377,620.373
33:00.2,e2fa5f27-e8ad-4205-9138-29ce9ac6a892,Inbound_Queue,client,840.934,171.316,637.819
33:42.8,b7012e18-db86-4f79-9c20-63f445065951,Inbound_Queue,peer,1022.537,0,842.537
35:01.4,0350e824-4af2-4216-90b4-0d6d6b37b894,Inbound_Queue,peer,569.163,165.875,223.288
36:19.9,0ad1d053-a3a3-4056-a412-f4ac54609ed3,Inbound_Queue,peer,1737.982,497.007,1060.975
36:53.5,f0b45afb-1194-4ce8-8e8e-356c8c4a5474,Inbound_Queue,peer,4589.766,670.544,3886.27
36:56.1,1a84cf8f-6efc-4f95-a0bb-89f4d017a800,Inbound_Queue,peer,899.946,0,719.946
37:12.3,a1f6fcd7-2e96-4af8-9c5d-047878b26aa4,Inbound_Queue,peer,1440.314,236.432,1023.882
37:20.5,f3a9065d-c4e2-44a0-a93c-bb3495afe226,Inbound_Queue,peer,2632.333,876.698,1575.635
38:24.1,7692606e-6ff5-4d86-9986-3eafe5513617,Inbound_Queue,peer,1466.018,0,1286.018
39:11.5,8261bb15-26ea-48f4-b5e8-686de8c5ccea,Inbound_Queue,peer,698.906,127.746,568.655
40:33.3,53d692a1-d4da-4d9d-a256-33737d264b15,Inbound_Queue,peer,716.454,0,705.454
41:15.8,290a5fa8-690f-4518-bb22-96dcff43a265,Inbound_Queue,peer,1453.476,563.1,885.696
41:28.5,2fdbdbbd-bf46-4ff2-a8d1-082d1edfef81,Inbound_Queue,endpoint,1092.764,143.404,769.36
42:04.1,d9bf7ded-41f3-4612-9b26-705798cac7aa,Inbound_Queue,peer,582.021,0,571.179
43:50.7,d2b5db33-03d0-46a9-a8fc-13794f4d0d6a,Inbound_Queue,peer,1161.191,31.074,950.117
44:07.0,b0996dc3-b802-443c-8596-98eca7bc63f4,Inbound_Queue,peer,2473.331,238.825,2054.506
44:32.1,809f8e6c-6117-4ab2-9100-d3a22f659893,Inbound_Queue,peer,726.699,164.438,382.261
45:51.3,3ada4c7f-b585-4818-9438-b4d5f9d61989,Inbound_Queue,peer,664.729,0,484.729
45:56.2,b8b5a757-7176-499d-b93d-8feebb36c09f,Inbound_Queue,peer,1659.704,0,1479.704
46:15.4,e0e99868-ae4e-4d91-a609-ad1f37391890,Inbound_Queue,peer,2180.877,1200.181,851.696
46:34.7,255d569b-e1cf-46f4-bfba-88b4a69f5455,Inbound_Queue,client,258.626,30.605,216.021
47:20.6,606cab59-808d-44d7-81e8-0b1db09645de,Inbound_Queue,peer,62.81,0,9.81
47:26.4,20c90d44-45f8-4a87-bcc2-6951039092ad,Inbound_Queue,peer,908.723,143.037,762.182
47:55.9,991de021-0e54-4cff-a83d-793551c930d7,Inbound_Queue,peer,170.82,0,34.82
48:43.8,80f64b14-0909-446c-b594-47414758f148,Inbound_Queue,peer,273.734,0,253.734
48:52.8,d1cd42d9-cdbb-425b-9c63-4b2de8ecc92f,Inbound_Queue,peer,1524.595,592.552,752.043
49:24.8,5a9248b8-bfd2-4326-a472-5e4ccc679ead,Inbound_Queue,peer,224.522,0,211.522
49:39.7,397cbba2-3e6a-41d8-84bb-bb4c8775bea0,Inbound_Queue,peer,419.437,0,414.545
50:32.6,63bb6f93-004c-4a79-8d01-7de24f75241b,Inbound_Queue,peer,2171.62,704.854,1458.983
53:03.6,0350e824-4af2-4216-90b4-0d6d6b37b894,Inbound_Queue,client,199.492,0,19.492
53:23.0,32e44875-c678-4915-90a3-0ce51510d912,Inbound_Queue,peer,1652.986,202.881,1447.165
53:29.8,8edfd986-7da5-4c4b-81c3-83266f2a9955,Inbound_Queue,peer,3986.924,335.72,3471.204
53:47.8,bed34990-b428-4868-b4b3-e18e0980dedf,Inbound_Queue,peer,226.609,0,218.847
53:49.7,5867c9ef-4b00-4c2e-8626-049028df8d80,Inbound_Queue,transfer,3314.463,52.061,3082.402
57:09.3,94a209e5-c413-481d-8347-ff668ebd0bf6,Inbound_Queue,peer,1391.639,505.664,705.975
57:09.7,e2fa5f27-e8ad-4205-9138-29ce9ac6a892,Inbound_Queue,peer,833.206,0.769,826.903
57:30.6,af512203-3ea2-48d5-bbf5-e46ae915d4d8,Inbound_Queue,peer,1251.657,271.681,799.976
57:38.4,80fbca02-82b9-4150-a5b7-245cd4a32edb,Inbound_Queue,peer,463.191,0,283.191
58:12.7,c9167e6d-1661-460e-bca6-da35ecb2866d,Inbound_Queue,peer,1452.693,552.302,720.391
58:37.9,b7012e18-db86-4f79-9c20-63f445065951,Inbound_Queue,transfer,464.565,0,284.565
58:47.4,d9bf7ded-41f3-4612-9b26-705798cac7aa,Inbound_Queue,endpoint,752.983,52.716,687.486
58:47.8,040166c5-a05b-4be2-9fdd-049fcd04f498,Inbound_Queue,transfer,237.022,22.695,34.327
58:58.6,991de021-0e54-4cff-a83d-793551c930d7,Inbound_Queue,peer,69.317,0,53.361
59:14.5,80f64b14-0909-446c-b594-47414758f148,Inbound_Queue,transfer,610.662,58.442,499.359
00:18.5,ea63a7f4-000e-44c3-9a17-c94ba222767e,Inbound_Queue,peer,1390.784,110.489,1232.295
00:40.2,d5486df6-8847-4eeb-ab47-076356427abf,Inbound_Queue,peer,4418.377,723.097,3515.28
00:58.5,7e343f6a-ea29-4708-b2ba-767bf4520733,Inbound_Queue,peer,1045.593,57.848,984.822
03:06.0,0350e824-4af2-4216-90b4-0d6d6b37b894,Inbound_Queue,peer,329.696,0,149.696
04:14.5,83182297-7f24-413b-8783-8a80d4ed30c4,Inbound_Queue,peer,2675.279,110.488,2384.791
04:53.6,809f8e6c-6117-4ab2-9100-d3a22f659893,Inbound_Queue,peer,747.297,0,567.297
05:48.6,397cbba2-3e6a-41d8-84bb-bb4c8775bea0,Inbound_Queue,peer,1297.355,237.457,1054.124
05:52.5,3ada4c7f-b585-4818-9438-b4d5f9d61989,Inbound_Queue,peer,909.34,140.46,588.88
06:38.6,54ea8c3b-6ecf-4585-9f16-e952cd6b249b,Inbound_Queue,endpoint,665.407,0,641.407
06:56.8,bed34990-b428-4868-b4b3-e18e0980dedf,Inbound_Queue,transfer,527.201,5.747,518.454
06:57.7,255d569b-e1cf-46f4-bfba-88b4a69f5455,Inbound_Queue,peer,978.231,0,972.261
07:15.9,f7b69e0d-7656-439f-9383-e764e09c32ef,Inbound_Queue,peer,573.102,33.842,535.26
07:51.8,1a1b0387-e91a-432b-afee-1421669d3709,Inbound_Queue,peer,792.214,0,612.214
08:01.3,0544876f-4db0-46be-9f60-752ec4413636,Inbound_Queue,peer,766.487,231.574,508.019
08:11.8,991de021-0e54-4cff-a83d-793551c930d7,Inbound_Queue,client,74.309,0,65.309
08:20.9,502d6033-517a-49ef-b5a0-632601053d1c,Inbound_Queue,peer,1813.334,548.99,1084.344
08:54.6,a1f6fcd7-2e96-4af8-9c5d-047878b26aa4,Inbound_Queue,peer,759.483,0,579.483
09:27.1,f7f9c471-4578-4226-869b-58f17ffcb657,Inbound_Queue,peer,2573.76,1065.646,1328.114
09:27.6,21e90dac-b238-4f78-a740-02b24ae01154,Inbound_Queue,peer,2061.612,125.432,1934.314
09:50.2,2adad817-f8f6-4b84-876b-7f2153a1232e,Inbound_Queue,endpoint,684.419,400.623,160.059
10:01.0,20c90d44-45f8-4a87-bcc2-6951039092ad,Inbound_Queue,peer,1092.802,65.093,1011.134
10:37.7,040166c5-a05b-4be2-9fdd-049fcd04f498,Inbound_Queue,peer,4750.55,1250.503,3320.047
11:28.9,7692606e-6ff5-4d86-9986-3eafe5513617,Inbound_Queue,client,511.772,0,331.772
12:14.2,d2b5db33-03d0-46a9-a8fc-13794f4d0d6a,Inbound_Queue,peer,753.8,164.077,409.723
12:27.7,57fe1954-e706-4ac9-a693-8f0d8b5faa5d,Inbound_Queue,peer,271.45,0,264.45
12:36.4,80fbca02-82b9-4150-a5b7-245cd4a32edb,Inbound_Queue,peer,2318.783,0,2138.783
12:53.7,e9d88d3f-b816-407b-be29-e652e1ac8720,Inbound_Queue,peer,667.731,0,628.731
13:25.1,b261c99d-c5b6-4f45-839a-e263bc49c626,Inbound_Queue,peer,784.572,172.723,600.1
13:41.8,8261bb15-26ea-48f4-b5e8-686de8c5ccea,Inbound_Queue,client,174.433,0,170.815
13:52.0,b7012e18-db86-4f79-9c20-63f445065951,Inbound_Queue,peer,1322.863,0,1142.863
13:55.5,3670d403-6e94-4e4a-ac94-918146030f11,Inbound_Queue,peer,861.39,0,855.823
14:43.3,0350e824-4af2-4216-90b4-0d6d6b37b894,Inbound_Queue,peer,240.527,0,60.527
15:05.3,80f64b14-0909-446c-b594-47414758f148,Inbound_Queue,peer,318.094,0,173.094
15:52.3,991de021-0e54-4cff-a83d-793551c930d7,Inbound_Queue,peer,700.245,0,651.245
16:44.3,79fcd683-2d7d-4f33-b685-ea21c0bd72cb,Inbound_Queue,peer,414.535,0,234.535
16:45.7,6ddb2b56-0b3e-4a47-89f0-d49e23dcd237,Inbound_Queue,peer,1143.47,312.777,827.714
16:53.0,b8b5a757-7176-499d-b93d-8feebb36c09f,Inbound_Queue,peer,1014.231,3.323,830.908
17:12.0,1a84cf8f-6efc-4f95-a0bb-89f4d017a800,Inbound_Queue,peer,3856.856,2106.252,1570.604
17:13.6,4f648fad-cad6-46f2-9c2a-268bb77ebbd9,Inbound_Queue,peer,451.387,106.911,341.937
17:36.6,d7676e0c-8f59-428a-b165-4fa63b4f8db9,Inbound_Queue,peer,4783.225,1716.978,2886.247
17:50.8,2bf90acd-41df-4bba-8c5a-2a3c7b9d6840,Inbound_Queue,client,13.519,0,7.519
18:05.2,597bddf4-8a4a-4349-af69-fd25a3e396a3,Inbound_Queue,peer,2679.925,0,2499.925
18:33.6,ffbaedee-9796-469c-89b4-fd22cec5fff7,Inbound_Queue,transfer,2323.331,856.062,1294.678
18:57.7,bed34990-b428-4868-b4b3-e18e0980dedf,Inbound_Queue,peer,285.496,0,278.853
19:24.9,d1cd42d9-cdbb-425b-9c63-4b2de8ecc92f,Inbound_Queue,peer,1257.917,0,1077.917
19:27.6,7cb2b3b9-b20b-496f-a7d1-b231ac85d46c,Inbound_Queue,client,262.938,0,82.938
19:36.0,8261bb15-26ea-48f4-b5e8-686de8c5ccea,Inbound_Queue,peer,3847.546,1466.046,2325.5
20:07.1,57fe1954-e706-4ac9-a693-8f0d8b5faa5d,Inbound_Queue,peer,1747.895,820.279,747.616
20:48.5,b2da88f6-0cc9-4ce8-8f8d-9949f0ea9530,Inbound_Queue,transfer,737.605,75.176,482.429
21:00.3,809f8e6c-6117-4ab2-9100-d3a22f659893,Inbound_Queue,endpoint,197.956,0,17.956
21:18.5,54ea8c3b-6ecf-4585-9f16-e952cd6b249b,Inbound_Queue,peer,883.588,0,869.588
21:27.9,2bf90acd-41df-4bba-8c5a-2a3c7b9d6840,Inbound_Queue,peer,342.859,0,337.859
21:30.6,7e343f6a-ea29-4708-b2ba-767bf4520733,Inbound_Queue,peer,1013.843,330.097,681.242
21:48.8,0350e824-4af2-4216-90b4-0d6d6b37b894,Inbound_Queue,client,210.038,0,30.038
22:14.8,42c439e6-9c60-48e5-b0a4-46e49c341158,Inbound_Queue,peer,803.571,0,623.571
23:04.8,8c224214-2788-46f3-9a8d-72879a77856b,Inbound_Queue,peer,497.517,125.144,251.599
23:07.9,7692606e-6ff5-4d86-9986-3eafe5513617,Inbound_Queue,peer,209.613,0,29.613
23:31.8,94a209e5-c413-481d-8347-ff668ebd0bf6,Inbound_Queue,peer,255.772,0,166.964
24:22.0,0ad1d053-a3a3-4056-a412-f4ac54609ed3,Inbound_Queue,peer,976.824,357.065,439.759
24:29.4,80f64b14-0909-446c-b594-47414758f148,Inbound_Queue,peer,1515.134,861.466,562.668
24:46.9,4ff996ef-9f41-4fc7-9894-333cd0364bcc,Inbound_Queue,peer,470.239,0,290.239
25:03.3,0544876f-4db0-46be-9f60-752ec4413636,Inbound_Queue,peer,2859.714,1032.923,1725.209
25:37.8,32e44875-c678-4915-90a3-0ce51510d912,Inbound_Queue,peer,2049.54,998.099,1049.441
25:41.3,3ada4c7f-b585-4818-9438-b4d5f9d61989,Inbound_Queue,client,1091.753,137.729,774.024
25:46.4,1a1b0387-e91a-432b-afee-1421669d3709,Inbound_Queue,peer,3223.855,0,3043.855
26:26.8,38208d11-2452-41a2-b909-540e3c6483e1,Inbound_Queue,peer,1396.117,346.603,966.514
26:38.8,a1f6fcd7-2e96-4af8-9c5d-047878b26aa4,Inbound_Queue,transfer,545.032,15.153,349.879
26:45.8,f3a9065d-c4e2-44a0-a93c-bb3495afe226,Inbound_Queue,peer,911.514,178.085,553.429
27:09.3,c9167e6d-1661-460e-bca6-da35ecb2866d,Inbound_Queue,peer,992.051,376.955,435.096
27:10.0,1de5336c-7f42-4615-8c87-4ac11784ee8f,Inbound_Queue,peer,2832.517,100.742,2551.775
27:15.3,ea63a7f4-000e-44c3-9a17-c94ba222767e,Inbound_Queue,peer,589.593,0,409.593
27:26.3,bed34990-b428-4868-b4b3-e18e0980dedf,Inbound_Queue,peer,1287.377,158.2,1052.576
27:29.9,7cb2b3b9-b20b-496f-a7d1-b231ac85d46c,Inbound_Queue,peer,3556.461,445.748,2930.713
27:35.8,79fcd683-2d7d-4f33-b685-ea21c0bd72cb,Inbound_Queue,peer,1699.543,884.679,634.864
28:19.5,2fdbdbbd-bf46-4ff2-a8d1-082d1edfef81,Inbound_Queue,peer,1096.548,539.182,513.498
29:10.6,4f648fad-cad6-46f2-9c2a-268bb77ebbd9,Inbound_Queue,peer,3022.777,1589.179,1430.833
29:39.8,809f8e6c-6117-4ab2-9100-d3a22f659893,Inbound_Queue,peer,335.038,0,155.038
30:00.6,d2b5db33-03d0-46a9-a8fc-13794f4d0d6a,Inbound_Queue,peer,1860.427,1012.876,667.551
30:05.3,0350e824-4af2-4216-90b4-0d6d6b37b894,Inbound_Queue,client,215.282,0,35.282
30:19.7,63bb6f93-004c-4a79-8d01-7de24f75241b,Inbound_Queue,endpoint,283.289,0,132.483
30:33.4,2bf90acd-41df-4bba-8c5a-2a3c7b9d6840,Inbound_Queue,peer,1369.689,171.887,1192.802
30:48.4,991de021-0e54-4cff-a83d-793551c930d7,Inbound_Queue,peer,538.055,0,534.063
31:46.2,290a5fa8-690f-4518-bb22-96dcff43a265,Inbound_Queue,peer,347.882,36.277,308.726
31:47.9,94a209e5-c413-481d-8347-ff668ebd0bf6,Inbound_Queue,peer,2536.949,680.497,1676.452
33:42.3,e9d88d3f-b816-407b-be29-e652e1ac8720,Inbound_Queue,peer,2130.756,1300.611,650.145
33:48.1,20c90d44-45f8-4a87-bcc2-6951039092ad,Inbound_Queue,peer,1442.81,66.6,1372.21
34:21.8,f75f5a38-3e79-4fe2-87a4-c375235ca13a,Inbound_Queue,peer,883.665,0,787.831
34:26.4,3670d403-6e94-4e4a-ac94-918146030f11,Inbound_Queue,peer,1135.316,178.198,954.333
34:57.1,70f68240-114b-419f-835e-33728e8e262f,Inbound_Queue,peer,1327.422,0,1324.475
35:10.0,70cdc787-a19d-4670-95ab-d5ce98e547ae,Inbound_Queue,transfer,2240.469,427.737,1632.732
36:02.2,4f33a4b0-1d58-402b-9046-16d2157e3b77,Inbound_Queue,peer,1167.945,149.397,1012.935
36:13.5,193caf00-bddc-4964-a034-44837daa3bb3,Inbound_Queue,peer,217.875,0,37.875
36:15.1,eb2417e8-cb69-4cd5-a7c3-a625c808bbc8,Inbound_Queue,peer,879.826,148.164,551.662
36:54.3,255d569b-e1cf-46f4-bfba-88b4a69f5455,Inbound_Queue,peer,1854.321,245.365,1588.092
37:06.0,14dfa860-b731-4b36-9e5f-e3da58bfa76f,Inbound_Queue,client,1228.591,555.22,493.371
37:28.6,dc86536f-f5ef-48a9-b9c4-390780f83890,Inbound_Queue,peer,2903.641,1435.097,1463.947
37:36.5,d1f986ef-1bad-4c64-9680-a3c042ffcdf3,Inbound_Queue,client,562.007,81.982,300.025
37:52.1,606cab59-808d-44d7-81e8-0b1db09645de,Inbound_Queue,transfer,842.247,112.434,721.813
37:54.8,4ff996ef-9f41-4fc7-9894-333cd0364bcc,Inbound_Queue,peer,1177.356,0,997.356
37:55.0,b2da88f6-0cc9-4ce8-8f8d-9949f0ea9530,Inbound_Queue,transfer,193.765,14.281,176.837
37:55.4,0350e824-4af2-4216-90b4-0d6d6b37b894,Inbound_Queue,endpoint,202.651,0,22.651
38:08.4,1cb2454f-5ded-4dda-8c81-baeeef4372ec,Inbound_Queue,peer,2071.292,939.754,951.538
38:15.9,99154a69-2c6d-49b4-9778-d91b6cf6b66f,Inbound_Queue,peer,250.211,0,246.211
38:22.8,af512203-3ea2-48d5-bbf5-e46ae915d4d8,Inbound_Queue,peer,772.404,0,592.404
38:27.8,63bb6f93-004c-4a79-8d01-7de24f75241b,Inbound_Queue,peer,833.614,0,653.614
39:33.1,d9bf7ded-41f3-4612-9b26-705798cac7aa,Inbound_Queue,transfer,829.984,32.512,623.472
39:45.6,457eb428-bc02-4f52-b77d-e63756825e07,Inbound_Queue,client,4736.489,1857.653,2698.836
39:54.8,42c439e6-9c60-48e5-b0a4-46e49c341158,Inbound_Queue,peer,3107.601,0,2927.601
39:56.8,8c224214-2788-46f3-9a8d-72879a77856b,Inbound_Queue,peer,335.984,0,192.984
40:00.9,ea63a7f4-000e-44c3-9a17-c94ba222767e,Inbound_Queue,peer,979.135,340.665,458.47
40:37.6,a1f6fcd7-2e96-4af8-9c5d-047878b26aa4,Inbound_Queue,peer,627.158,0,447.158
41:02.8,2adad817-f8f6-4b84-876b-7f2153a1232e,Inbound_Queue,peer,391.695,0,211.695
41:53.7,290a5fa8-690f-4518-bb22-96dcff43a265,Inbound_Queue,peer,2236.986,513.377,1720.803
42:02.3,e0e99868-ae4e-4d91-a609-ad1f37391890,Inbound_Queue,client,1645.277,764.395,722.882
42:23.1,54ea8c3b-6ecf-4585-9f16-e952cd6b249b,Inbound_Queue,peer,1076.249,0,921.249
43:31.5,7e343f6a-ea29-4708-b2ba-767bf4520733,Inbound_Queue,peer,249.555,0,244.033
43:50.4,502d6033-517a-49ef-b5a0-632601053d1c,Inbound_Queue,endpoint,845.263,237.316,516.947
44:04.2,991de021-0e54-4cff-a83d-793551c930d7,Inbound_Queue,peer,972.924,0,820.127
44:42.8,193caf00-bddc-4964-a034-44837daa3bb3,Inbound_Queue,client,206.089,0,26.089
44:46.4,0ad1d053-a3a3-4056-a412-f4ac54609ed3,Inbound_Queue,peer,1565.831,190.974,1194.857
44:47.4,b2da88f6-0cc9-4ce8-8f8d-9949f0ea9530,Inbound_Queue,peer,1138.884,351.1,607.784
44:53.5,0350e824-4af2-4216-90b4-0d6d6b37b894,Inbound_Queue,peer,434.581,69.576,185.005
45:18.9,809f8e6c-6117-4ab2-9100-d3a22f659893,Inbound_Queue,client,262.472,0,82.472
45:50.1,7692606e-6ff5-4d86-9986-3eafe5513617,Inbound_Queue,client,265.837,0,85.837
45:55.1,b261c99d-c5b6-4f45-839a-e263bc49c626,Inbound_Queue,peer,3199.489,779.756,2239.733
45:55.7,b0996dc3-b802-443c-8596-98eca7bc63f4,Inbound_Queue,peer,255.361,0,75.361
46:22.5,397cbba2-3e6a-41d8-84bb-bb4c8775bea0,Inbound_Queue,client,1153.485,571.8,576.685
46:31.0,99154a69-2c6d-49b4-9778-d91b6cf6b66f,Inbound_Queue,peer,45.777,0,40.777
46:33.2,c9167e6d-1661-460e-bca6-da35ecb2866d,Inbound_Queue,peer,629.147,0,449.147
46:43.2,0c0ef954-5e4b-4029-b7b5-2348b25edf2e,Inbound_Queue,peer,370.063,0,190.063
46:44.9,2f53e641-1a22-489b-afd5-efdd7017c3df,Inbound_Queue,client,182.897,0,2.897
47:08.0,3cee4f26-b17c-4a0e-8faa-22b2f5da37a9,Inbound_Queue,peer,247.27,0,67.27
47:17.3,99154a69-2c6d-49b4-9778-d91b6cf6b66f,Inbound_Queue,client,206.015,0,95.191
47:34.8,2adad817-f8f6-4b84-876b-7f2153a1232e,Inbound_Queue,peer,1192.546,427.232,585.314
47:41.4,7e343f6a-ea29-4708-b2ba-767bf4520733,Inbound_Queue,peer,60.995,0,37.263
48:09.1,193caf00-bddc-4964-a034-44837daa3bb3,Inbound_Queue,peer,515.845,0,335.845
48:11.8,d1f986ef-1bad-4c64-9680-a3c042ffcdf3,Inbound_Queue,client,1023.041,251.312,591.729
48:53.9,bed34990-b428-4868-b4b3-e18e0980dedf,Inbound_Queue,peer,652.257,46.406,600.851
48:55.1,8716932b-1c67-4002-8a55-9c2b20eaca79,Inbound_Queue,client,820.343,159.3,481.043
49:04.5,5867c9ef-4b00-4c2e-8626-049028df8d80,Inbound_Queue,client,220.68,0,40.68
49:05.7,f75f5a38-3e79-4fe2-87a4-c375235ca13a,Inbound_Queue,transfer,2476.981,336.993,1959.988
49:08.6,b8b5a757-7176-499d-b93d-8feebb36c09f,Inbound_Queue,peer,518.465,13.62,383.276
49:09.2,3ada4c7f-b585-4818-9438-b4d5f9d61989,Inbound_Queue,peer,203.1,0,23.1
49:15.3,57fe1954-e706-4ac9-a693-8f0d8b5faa5d,Inbound_Queue,peer,2543.416,870.731,1492.685
49:41.7,809f8e6c-6117-4ab2-9100-d3a22f659893,Inbound_Queue,endpoint,259.906,0,79.906
49:43.1,38208d11-2452-41a2-b909-540e3c6483e1,Inbound_Queue,peer,1704.516,575.835,1063.681
50:13.1,b0996dc3-b802-443c-8596-98eca7bc63f4,Inbound_Queue,peer,373.66,0,193.66
50:16.5,7692606e-6ff5-4d86-9986-3eafe5513617,Inbound_Queue,client,1616.852,907.245,529.607
50:45.4,99154a69-2c6d-49b4-9778-d91b6cf6b66f,Inbound_Queue,peer,1068.606,0,888.606
50:55.2,eb2417e8-cb69-4cd5-a7c3-a625c808bbc8,Inbound_Queue,peer,2616.089,1511.567,924.522
51:05.2,a1f6fcd7-2e96-4af8-9c5d-047878b26aa4,Inbound_Queue,client,222.083,0,196.083
51:15.0,83182297-7f24-413b-8783-8a80d4ed30c4,Inbound_Queue,peer,3125.441,0,2945.441
51:15.5,af512203-3ea2-48d5-bbf5-e46ae915d4d8,Inbound_Queue,peer,4410.715,823.297,3407.418
51:16.2,2fdbdbbd-bf46-4ff2-a8d1-082d1edfef81,Inbound_Queue,endpoint,498.157,0,318.157
51:33.2,5a9248b8-bfd2-4326-a472-5e4ccc679ead,Inbound_Queue,peer,3121.8,1095.288,1846.512
51:35.6,81ef18e0-3c16-4534-9860-b336f2338e95,Inbound_Queue,peer,255.422,0,248.539
52:08.4,0350e824-4af2-4216-90b4-0d6d6b37b894,Inbound_Queue,peer,755.055,0,575.055
52:21.7,63bb6f93-004c-4a79-8d01-7de24f75241b,Inbound_Queue,peer,840.834,368.889,291.945
52:32.6,3ada4c7f-b585-4818-9438-b4d5f9d61989,Inbound_Queue,client,238.732,0,58.732
52:35.2,8c224214-2788-46f3-9a8d-72879a77856b,Inbound_Queue,client,661.655,52.666,597.148
53:47.2,abe98fb6-ba3f-4079-9f33-fde23a046243,Inbound_Queue,peer,562.034,0,382.034
53:57.7,2bf90acd-41df-4bba-8c5a-2a3c7b9d6840,Inbound_Queue,peer,1237.142,170.008,887.134
54:10.1,d9bf7ded-41f3-4612-9b26-705798cac7aa,Inbound_Queue,peer,956.994,0,776.994
54:18.9,b7012e18-db86-4f79-9c20-63f445065951,Inbound_Queue,peer,555.711,0,375.711
54:27.9,80fbca02-82b9-4150-a5b7-245cd4a32edb,Inbound_Queue,peer,571.093,0,391.093
54:28.6,2f53e641-1a22-489b-afd5-efdd7017c3df,Inbound_Queue,peer,2133.546,784.534,1169.012
55:16.5,d1cd42d9-cdbb-425b-9c63-4b2de8ecc92f,Inbound_Queue,peer,1806.774,733.65,893.124
55:24.0,f7f9c471-4578-4226-869b-58f17ffcb657,Inbound_Queue,peer,2204.555,838.327,1186.228
55:30.3,4f33a4b0-1d58-402b-9046-16d2157e3b77,Inbound_Queue,peer,2483.641,157.483,2146.158
55:37.9,f7b69e0d-7656-439f-9383-e764e09c32ef,Inbound_Queue,peer,1878.431,383.919,1428.512
55:51.2,81ef18e0-3c16-4534-9860-b336f2338e95,Inbound_Queue,peer,444.256,0,264.256
55:55.7,79fcd683-2d7d-4f33-b685-ea21c0bd72cb,Inbound_Queue,client,18.572,0,15.046
56:41.3,a9db4161-ec04-4fe1-8fa9-4645b96ff374,Inbound_Queue,peer,1016.78,146.305,690.475
56:42.2,3ada4c7f-b585-4818-9438-b4d5f9d61989,Inbound_Queue,client,252.001,0,72.001
57:02.7,c9167e6d-1661-460e-bca6-da35ecb2866d,Inbound_Queue,transfer,1207.855,85.283,942.572
57:04.7,70f68240-114b-419f-835e-33728e8e262f,Inbound_Queue,client,424.382,3.728,240.654
57:15.4,606cab59-808d-44d7-81e8-0b1db09645de,Inbound_Queue,endpoint,796.708,326.722,382.986
57:24.1,ffbaedee-9796-469c-89b4-fd22cec5fff7,Inbound_Queue,peer,655.178,0,532.632
57:25.2,79fcd683-2d7d-4f33-b685-ea21c0bd72cb,Inbound_Queue,peer,1628.829,561.552,887.277
58:16.7,3670d403-6e94-4e4a-ac94-918146030f11,Inbound_Queue,peer,1769.707,260.314,1506.516
58:35.8,4ff996ef-9f41-4fc7-9894-333cd0364bcc,Inbound_Queue,peer,1168.841,0,988.841
58:49.2,7e343f6a-ea29-4708-b2ba-767bf4520733,Inbound_Queue,client,76.516,0,71.516
59:24.4,b8b5a757-7176-499d-b93d-8feebb36c09f,Inbound_Queue,peer,1597.08,4.311,1520.769
00:18.4,5867c9ef-4b00-4c2e-8626-049028df8d80,Inbound_Queue,peer,565.1,114.191,270.909
00:25.2,b0996dc3-b802-443c-8596-98eca7bc63f4,Inbound_Queue,peer,408.277,0,228.277
00:39.7,2dcedc95-b76c-407f-a454-c527e7b47f7a,Inbound_Queue,transfer,2120.444,934.024,1006.42
00:42.7,6607042e-58ad-440e-a713-936f3bd890f6,Inbound_Queue,peer,1119.397,0,939.397
00:51.1,e9a52a16-8aed-4650-ae12-008a27de3264,Inbound_Queue,peer,3323.251,1171.823,1971.428
01:03.3,bed34990-b428-4868-b4b3-e18e0980dedf,Inbound_Queue,peer,695.072,0,692.419
01:03.5,32e44875-c678-4915-90a3-0ce51510d912,Inbound_Queue,peer,809.95,0,807.272
01:19.2,730bd0f7-b90b-46dd-b0c5-f310d4e9784a,Inbound_Queue,peer,188.026,0,8.026
01:20.9,b4ad9889-08e7-4dd2-90c0-2fe3d2cb484a,Inbound_Queue,peer,676.922,195.815,301.107
01:40.5,6ddb2b56-0b3e-4a47-89f0-d49e23dcd237,Inbound_Queue,peer,1134.149,40.342,994.899
01:44.0,d6e29412-dfdd-45c1-a597-29a960a5c5f8,Inbound_Queue,peer,1098.18,339.111,579.069
01:47.9,809f8e6c-6117-4ab2-9100-d3a22f659893,Inbound_Queue,endpoint,602.358,25.014,397.344
01:56.5,54ea8c3b-6ecf-4585-9f16-e952cd6b249b,Inbound_Queue,peer,1486.809,0,1306.809
02:17.7,5e6b0aa5-78f6-475d-897e-fe2036aa4250,Inbound_Queue,peer,794.636,98.797,515.839
02:21.5,8a1bfa1e-a509-4159-a617-b144da7cde68,Inbound_Queue,peer,734.979,0,554.979
02:52.1,3ada4c7f-b585-4818-9438-b4d5f9d61989,Inbound_Queue,peer,221.883,0,41.883
03:10.6,f3a9065d-c4e2-44a0-a93c-bb3495afe226,Inbound_Queue,peer,516.717,0,336.717
03:14.4,8716932b-1c67-4002-8a55-9c2b20eaca79,Inbound_Queue,client,2184.337,453.678,1550.659
03:43.0,597bddf4-8a4a-4349-af69-fd25a3e396a3,Inbound_Queue,transfer,950.683,15.976,896.707
03:44.2,81ef18e0-3c16-4534-9860-b336f2338e95,Inbound_Queue,peer,928.257,66.09,682.167
03:44.7,df4e932b-8d7f-4e00-8d45-18eef77126a3,Inbound_Queue,client,206.035,0,26.035
03:49.4,b7012e18-db86-4f79-9c20-63f445065951,Inbound_Queue,peer,574.038,0,394.038
04:07.3,7e343f6a-ea29-4708-b2ba-767bf4520733,Inbound_Queue,peer,579.106,0,563.583
04:18.0,70f68240-114b-419f-835e-33728e8e262f,Inbound_Queue,peer,788.763,0,774.763
04:59.7,730bd0f7-b90b-46dd-b0c5-f310d4e9784a,Inbound_Queue,peer,1351.868,169.535,1002.333
05:15.7,0350e824-4af2-4216-90b4-0d6d6b37b894,Inbound_Queue,client,199.766,0,19.766
05:44.4,d1f986ef-1bad-4c64-9680-a3c042ffcdf3,Inbound_Queue,peer,218.385,0,127.653
06:22.9,63bb6f93-004c-4a79-8d01-7de24f75241b,Inbound_Queue,peer,1022.31,0,868.31
07:11.1,df4e932b-8d7f-4e00-8d45-18eef77126a3,Inbound_Queue,peer,2807.393,340.789,2286.604
07:13.9,b0996dc3-b802-443c-8596-98eca7bc63f4,Inbound_Queue,peer,3919.935,1339.035,2400.9
07:43.0,0c0ef954-5e4b-4029-b7b5-2348b25edf2e,Inbound_Queue,peer,406.57,0,289.057
07:48.8,255d569b-e1cf-46f4-bfba-88b4a69f5455,Inbound_Queue,peer,1113.87,359.348,713.522
08:03.7,80f64b14-0909-446c-b594-47414758f148,Inbound_Queue,peer,979.481,333.758,468.723
08:34.3,99154a69-2c6d-49b4-9778-d91b6cf6b66f,Inbound_Queue,peer,808.986,0,628.986
08:35.7,0350e824-4af2-4216-90b4-0d6d6b37b894,Inbound_Queue,peer,245.583,0,65.583
09:13.3,e9d88d3f-b816-407b-be29-e652e1ac8720,Inbound_Queue,peer,447.607,0,379.607
09:23.6,3ada4c7f-b585-4818-9438-b4d5f9d61989,Inbound_Queue,client,219.946,0,39.946
09:23.7,d1f986ef-1bad-4c64-9680-a3c042ffcdf3,Inbound_Queue,client,2908.491,1616.642,1111.849
09:29.5,e0e99868-ae4e-4d91-a609-ad1f37391890,Inbound_Queue,peer,489.904,170.375,180.881
09:33.7,a1f6fcd7-2e96-4af8-9c5d-047878b26aa4,Inbound_Queue,peer,778.455,186.884,411.571
09:43.8,5867c9ef-4b00-4c2e-8626-049028df8d80,Inbound_Queue,peer,871.779,0,691.779
10:07.5,d9bf7ded-41f3-4612-9b26-705798cac7aa,Inbound_Queue,peer,3067.158,720.173,2199.206
10:11.1,f0b45afb-1194-4ce8-8e8e-356c8c4a5474,Inbound_Queue,peer,308.684,1.031,127.653
10:12.8,37b61721-f642-4a1c-92e4-5764373107ab,Inbound_Queue,peer,852.892,0,672.892
10:32.8,660ed913-79ce-44af-8bad-77d1b6bff891,Inbound_Queue,peer,210.226,0,30.226
10:53.3,0ad1d053-a3a3-4056-a412-f4ac54609ed3,Inbound_Queue,peer,2082.703,481.624,1421.079
11:47.6,f3a9065d-c4e2-44a0-a93c-bb3495afe226,Inbound_Queue,peer,651.878,99.858,372.02
11:59.5,ffbaedee-9796-469c-89b4-fd22cec5fff7,Inbound_Queue,peer,277.29,0,216.447
12:30.8,70cdc787-a19d-4670-95ab-d5ce98e547ae,Inbound_Queue,peer,835.18,223.359,431.821
12:38.5,bed34990-b428-4868-b4b3-e18e0980dedf,Inbound_Queue,peer,827.128,0,647.128
12:38.8,b4ad9889-08e7-4dd2-90c0-2fe3d2cb484a,Inbound_Queue,peer,1865.324,941.886,743.438
12:41.6,0350e824-4af2-4216-90b4-0d6d6b37b894,Inbound_Queue,peer,608.715,0,428.715
12:58.2,20c90d44-45f8-4a87-bcc2-6951039092ad,Inbound_Queue,peer,849.078,166.668,679.632
13:24.2,b7012e18-db86-4f79-9c20-63f445065951,Inbound_Queue,peer,643.254,0,463.254
13:31.4,abe98fb6-ba3f-4079-9f33-fde23a046243,Inbound_Queue,peer,228.835,0,48.835
13:39.0,a9db4161-ec04-4fe1-8fa9-4645b96ff374,Inbound_Queue,peer,2758.353,1362.619,1215.734
14:02.0,14dfa860-b731-4b36-9e5f-e3da58bfa76f,Inbound_Queue,client,1069.622,73.37,816.252
14:05.1,94a209e5-c413-481d-8347-ff668ebd0bf6,Inbound_Queue,peer,4200.023,1545.794,2474.229
14:11.5,8edfd986-7da5-4c4b-81c3-83266f2a9955,Inbound_Queue,peer,1671.59,0,1491.59
14:22.7,1de5336c-7f42-4615-8c87-4ac11784ee8f,Inbound_Queue,peer,41.241,0,34.241
14:33.6,32e44875-c678-4915-90a3-0ce51510d912,Inbound_Queue,peer,2521.224,1314.022,1204.202
14:35.2,2bf90acd-41df-4bba-8c5a-2a3c7b9d6840,Inbound_Queue,peer,2434.054,649.471,1604.583
14:36.8,8a1bfa1e-a509-4159-a617-b144da7cde68,Inbound_Queue,peer,776.617,0,596.617
15:04.5,1de5336c-7f42-4615-8c87-4ac11784ee8f,Inbound_Queue,peer,58.488,0,44.668
15:11.8,809f8e6c-6117-4ab2-9100-d3a22f659893,Inbound_Queue,peer,701.303,68.843,622.611
15:32.7,5e6b0aa5-78f6-475d-897e-fe2036aa4250,Inbound_Queue,transfer,1052.576,78.001,794.575
15:40.3,80fbca02-82b9-4150-a5b7-245cd4a32edb,Inbound_Queue,peer,269.157,0,89.157
15:49.8,9aed926c-d44e-4772-84f2-8dd68b5f85a5,Inbound_Queue,transfer,695.092,0,515.092
15:58.6,7e343f6a-ea29-4708-b2ba-767bf4520733,Inbound_Queue,peer,2874.814,0,2872.239
16:19.8,2adad817-f8f6-4b84-876b-7f2153a1232e,Inbound_Queue,peer,830.488,342.651,307.837
16:23.7,991de021-0e54-4cff-a83d-793551c930d7,Inbound_Queue,peer,534.547,0,354.547
16:37.1,ffbaedee-9796-469c-89b4-fd22cec5fff7,Inbound_Queue,peer,399.263,0,271.263
16:50.9,e9d88d3f-b816-407b-be29-e652e1ac8720,Inbound_Queue,client,464.143,0,460.508
17:10.9,c9167e6d-1661-460e-bca6-da35ecb2866d,Inbound_Queue,peer,241.472,0,61.472
17:30.1,7692606e-6ff5-4d86-9986-3eafe5513617,Inbound_Queue,client,231.035,0,51.035
17:33.7,8c224214-2788-46f3-9a8d-72879a77856b,Inbound_Queue,client,444.943,0,264.943
17:46.9,abe98fb6-ba3f-4079-9f33-fde23a046243,Inbound_Queue,peer,899.405,0,719.405
17:48.1,e0e99868-ae4e-4d91-a609-ad1f37391890,Inbound_Queue,peer,1467.184,123.398,1258.933
18:06.6,4ff996ef-9f41-4fc7-9894-333cd0364bcc,Inbound_Queue,transfer,223.855,0,43.855
18:09.0,38208d11-2452-41a2-b909-540e3c6483e1,Inbound_Queue,peer,965.845,385.578,487.456
18:14.2,2fdbdbbd-bf46-4ff2-a8d1-082d1edfef81,Inbound_Queue,endpoint,400.439,0,220.439
19:10.8,290a5fa8-690f-4518-bb22-96dcff43a265,Inbound_Queue,peer,1480.92,319.516,982.891
19:12.8,81ef18e0-3c16-4534-9860-b336f2338e95,Inbound_Queue,peer,2323.868,710.219,1433.649
19:30.6,6607042e-58ad-440e-a713-936f3bd890f6,Inbound_Queue,peer,804.009,0,624.009
19:39.8,1a1b0387-e91a-432b-afee-1421669d3709,Inbound_Queue,peer,556.416,0,376.416
20:22.6,4f648fad-cad6-46f2-9c2a-268bb77ebbd9,Inbound_Queue,peer,998.166,383.048,612.118
20:37.1,597bddf4-8a4a-4349-af69-fd25a3e396a3,Inbound_Queue,peer,3258.06,27.34,3137.156
20:49.9,397cbba2-3e6a-41d8-84bb-bb4c8775bea0,Inbound_Queue,peer,2305.816,1277.851,1016.965
21:27.5,80fbca02-82b9-4150-a5b7-245cd4a32edb,Inbound_Queue,peer,876.321,0,696.321
21:50.4,70f68240-114b-419f-835e-33728e8e262f,Inbound_Queue,peer,1391.8,0,1377.8
22:10.1,d6e29412-dfdd-45c1-a597-29a960a5c5f8,Inbound_Queue,peer,1829.707,388.095,1261.612
22:51.0,6ddb2b56-0b3e-4a47-89f0-d49e23dcd237,Inbound_Queue,peer,1029.808,169.794,789.014
22:56.1,4ff996ef-9f41-4fc7-9894-333cd0364bcc,Inbound_Queue,peer,1088.925,0,908.925
23:19.7,ea63a7f4-000e-44c3-9a17-c94ba222767e,Inbound_Queue,transfer,407.35,0,227.35
23:29.2,c9167e6d-1661-460e-bca6-da35ecb2866d,Inbound_Queue,peer,2206.195,1319.875,706.32
23:56.6,7692606e-6ff5-4d86-9986-3eafe5513617,Inbound_Queue,peer,513.395,0,333.395
24:11.7,99154a69-2c6d-49b4-9778-d91b6cf6b66f,Inbound_Queue,client,52.666,0,45.701
24:27.8,a1f6fcd7-2e96-4af8-9c5d-047878b26aa4,Inbound_Queue,peer,1124.163,303.013,641.15
25:03.7,f3a9065d-c4e2-44a0-a93c-bb3495afe226,Inbound_Queue,peer,1710.928,676.705,854.223
25:08.7,0350e824-4af2-4216-90b4-0d6d6b37b894,Inbound_Queue,client,204.89,0,24.89
25:41.5,ffbaedee-9796-469c-89b4-fd22cec5fff7,Inbound_Queue,peer,91.769,0,49.067
26:05.0,1de5336c-7f42-4615-8c87-4ac11784ee8f,Inbound_Queue,transfer,460.862,0,330.862
26:12.3,8261bb15-26ea-48f4-b5e8-686de8c5ccea,Inbound_Queue,peer,2146.758,235.018,1908.956
26:15.9,b7012e18-db86-4f79-9c20-63f445065951,Inbound_Queue,peer,571.221,0,391.221
26:16.7,80f64b14-0909-446c-b594-47414758f148,Inbound_Queue,peer,1414.031,439.151,823.88
26:21.4,37b61721-f642-4a1c-92e4-5764373107ab,Inbound_Queue,peer,1477.144,0,1297.144
26:41.8,2fdbdbbd-bf46-4ff2-a8d1-082d1edfef81,Inbound_Queue,endpoint,2091.728,145.794,1765.934
27:18.9,99154a69-2c6d-49b4-9778-d91b6cf6b66f,Inbound_Queue,transfer,217.353,0,207.353
27:53.8,eb6e9215-042f-4f5d-9f5e-643f13daad08,Inbound_Queue,peer,877.188,0,868.188
28:18.6,991de021-0e54-4cff-a83d-793551c930d7,Inbound_Queue,peer,231.347,0,51.347
28:54.1,d1cd42d9-cdbb-425b-9c63-4b2de8ecc92f,Inbound_Queue,peer,1208.566,0,1087.566
28:59.0,dc86536f-f5ef-48a9-b9c4-390780f83890,Inbound_Queue,peer,1117.663,165.175,949.785
29:31.9,b8b5a757-7176-499d-b93d-8feebb36c09f,Inbound_Queue,peer,1496.775,2.022,1391.787
29:42.5,bed34990-b428-4868-b4b3-e18e0980dedf,Inbound_Queue,peer,1202.434,450.385,748.537
30:06.9,70cdc787-a19d-4670-95ab-d5ce98e547ae,Inbound_Queue,client,298.927,0,118.927
30:07.9,ffbaedee-9796-469c-89b4-fd22cec5fff7,Inbound_Queue,peer,1164.534,0,1055.534
30:09.4,e0fe5905-960d-46cd-ae8c-5b60b07dd531,Inbound_Queue,peer,1834.031,0,1682.031
30:17.6,730bd0f7-b90b-46dd-b0c5-f310d4e9784a,Inbound_Queue,transfer,252.527,0,72.527
30:20.1,8a1bfa1e-a509-4159-a617-b144da7cde68,Inbound_Queue,peer,383.619,0,203.619
30:40.1,0350e824-4af2-4216-90b4-0d6d6b37b894,Inbound_Queue,peer,269.351,0,89.351
31:18.6,e9d88d3f-b816-407b-be29-e652e1ac8720,Inbound_Queue,peer,226.242,3.385,178.986
31:34.7,1a84cf8f-6efc-4f95-a0bb-89f4d017a800,Inbound_Queue,peer,452.028,0,272.028
31:53.0,3670d403-6e94-4e4a-ac94-918146030f11,Inbound_Queue,peer,1156.234,93.568,1057.933
32:29.8,59f8eea1-fc1a-4435-9cdd-65ebaecf7ada,Inbound_Queue,peer,1810.25,0,1630.25
32:40.3,ce10f099-657a-4707-a80c-a5d10466d0ce,Inbound_Queue,peer,392.066,0,361.066
32:40.9,aa26e2bd-1385-44f0-af87-72d3e32568b4,Inbound_Queue,client,521.272,0,341.272
32:46.5,d47840d9-eaa5-40f6-99f6-c6ee1b1191bd,Inbound_Queue,peer,807.6,0,627.6
34:34.9,0930a290-9492-49fd-98e0-697fe5fbeaaf,Inbound_Queue,peer,556.392,79.505,296.887
34:36.7,99154a69-2c6d-49b4-9778-d91b6cf6b66f,Inbound_Queue,peer,1722.307,539.289,1003.018
34:41.5,ddb87fd3-c224-4e80-b3e8-c3268f123a57,Inbound_Queue,peer,429.414,0,249.414
35:14.7,adf0125d-22ab-480b-9a84-9d7889adb38c,Inbound_Queue,client,1909.875,346.173,1383.702
35:22.2,42c439e6-9c60-48e5-b0a4-46e49c341158,Inbound_Queue,peer,1192.762,0,1012.762
35:29.5,14dfa860-b731-4b36-9e5f-e3da58bfa76f,Inbound_Queue,client,1352.676,0,1172.676
35:55.2,f7f9c471-4578-4226-869b-58f17ffcb657,Inbound_Queue,peer,5406.429,2104.826,3121.603
36:24.0,991de021-0e54-4cff-a83d-793551c930d7,Inbound_Queue,peer,1772.544,0,1592.544
36:42.9,7692606e-6ff5-4d86-9986-3eafe5513617,Inbound_Queue,client,331.261,0,151.261
37:04.6,f75f5a38-3e79-4fe2-87a4-c375235ca13a,Inbound_Queue,transfer,439.73,0,300.891
37:14.9,6607042e-58ad-440e-a713-936f3bd890f6,Inbound_Queue,peer,805.36,68.935,556.425
38:18.8,5e6b0aa5-78f6-475d-897e-fe2036aa4250,Inbound_Queue,peer,918.551,0,738.551
38:24.7,1de5336c-7f42-4615-8c87-4ac11784ee8f,Inbound_Queue,transfer,3473.218,416.673,3048.889
38:44.7,730bd0f7-b90b-46dd-b0c5-f310d4e9784a,Inbound_Queue,peer,1176.818,0,996.818
38:49.6,eb2417e8-cb69-4cd5-a7c3-a625c808bbc8,Inbound_Queue,peer,1647.485,790.809,676.676
38:59.3,91ea72ce-e8d9-427c-911e-69db9d3eca9b,Inbound_Queue,peer,1366.8,242.455,1020.345
39:41.2,70cdc787-a19d-4670-95ab-d5ce98e547ae,Inbound_Queue,peer,24.938,0,12.078
39:53.5,0350e824-4af2-4216-90b4-0d6d6b37b894,Inbound_Queue,peer,257.94,0,77.94
40:21.4,b7012e18-db86-4f79-9c20-63f445065951,Inbound_Queue,peer,1241.605,0,1210.769
40:33.1,2dcedc95-b76c-407f-a454-c527e7b47f7a,Inbound_Queue,peer,572.807,0,439.953
40:42.0,38208d11-2452-41a2-b909-540e3c6483e1,Inbound_Queue,peer,2247.452,1204.516,917.936
40:52.8,8a1bfa1e-a509-4159-a617-b144da7cde68,Inbound_Queue,peer,199.512,0,19.512
40:59.8,4f33a4b0-1d58-402b-9046-16d2157e3b77,Inbound_Queue,peer,673.742,0,525.742
41:06.4,4f648fad-cad6-46f2-9c2a-268bb77ebbd9,Inbound_Queue,peer,1002.862,0,999.121
41:51.2,ddb87fd3-c224-4e80-b3e8-c3268f123a57,Inbound_Queue,peer,230.274,0,59.586
41:54.4,1cb2454f-5ded-4dda-8c81-baeeef4372ec,Inbound_Queue,peer,921.123,270.663,470.46
41:56.1,20c90d44-45f8-4a87-bcc2-6951039092ad,Inbound_Queue,peer,1320.414,98.961,1210.499
41:58.1,1a84cf8f-6efc-4f95-a0bb-89f4d017a800,Inbound_Queue,peer,3437.694,1923.059,1334.635
42:05.4,ce10f099-657a-4707-a80c-a5d10466d0ce,Inbound_Queue,peer,1203.801,160.007,863.794
42:19.2,8716932b-1c67-4002-8a55-9c2b20eaca79,Inbound_Queue,client,2247.777,1614.981,452.796
42:19.6,70cdc787-a19d-4670-95ab-d5ce98e547ae,Inbound_Queue,peer,757.89,58.678,519.212
42:21.8,6ddb2b56-0b3e-4a47-89f0-d49e23dcd237,Inbound_Queue,peer,544.854,0,509.854
42:25.0,d7676e0c-8f59-428a-b165-4fa63b4f8db9,Inbound_Queue,peer,1649.571,165.293,1304.278
42:28.3,aa26e2bd-1385-44f0-af87-72d3e32568b4,Inbound_Queue,peer,1810.469,190.156,1440.313
42:42.6,4245f430-a0ae-40eb-8a9d-dd54a214d363,Inbound_Queue,peer,1160.17,177.877,802.293
43:00.4,606cab59-808d-44d7-81e8-0b1db09645de,Inbound_Queue,peer,687.491,191.219,383.541
43:36.8,80fbca02-82b9-4150-a5b7-245cd4a32edb,Inbound_Queue,peer,1193.276,0,1013.276
43:43.9,7692606e-6ff5-4d86-9986-3eafe5513617,Inbound_Queue,peer,194.587,0,74.834
43:53.5,eb44633f-86d8-4d87-9982-22330080c18a,Inbound_Queue,peer,481.282,52.656,248.626
43:56.9,4ff996ef-9f41-4fc7-9894-333cd0364bcc,Inbound_Queue,peer,2620.039,0,2492.07
44:18.5,a1f6fcd7-2e96-4af8-9c5d-047878b26aa4,Inbound_Queue,peer,579.021,0,428.148
44:22.6,3ada4c7f-b585-4818-9438-b4d5f9d61989,Inbound_Queue,peer,727.32,116.075,431.245
44:36.6,0930a290-9492-49fd-98e0-697fe5fbeaaf,Inbound_Queue,peer,613.868,31.751,402.117
44:43.9,0350e824-4af2-4216-90b4-0d6d6b37b894,Inbound_Queue,peer,211.224,0,31.224
45:31.0,8a1bfa1e-a509-4159-a617-b144da7cde68,Inbound_Queue,transfer,1384.383,296.362,908.021
45:33.0,e9d88d3f-b816-407b-be29-e652e1ac8720,Inbound_Queue,client,1934.28,544.908,1209.372
45:45.3,d5486df6-8847-4eeb-ab47-076356427abf,Inbound_Queue,peer,197.753,0,17.753
45:46.2,e0e99868-ae4e-4d91-a609-ad1f37391890,Inbound_Queue,peer,674.644,135.455,395.419
45:52.5,b57b70a1-00c2-43ad-99df-0d36d18ca7e7,Inbound_Queue,peer,868.896,111.964,739.209
45:54.2,610d92c5-8f00-4f56-b1ad-4ace5c1acc58,Inbound_Queue,peer,680.472,0,566.472
46:01.8,f75f5a38-3e79-4fe2-87a4-c375235ca13a,Inbound_Queue,peer,933.054,0,753.054
46:25.0,a30a63b9-93eb-431e-b066-efc787235721,Inbound_Queue,peer,810.246,0,630.246
46:40.7,98139a66-1c8f-48e1-9954-f56f840f4d10,Inbound_Queue,peer,1020.012,493.62,522.726
47:13.3,d47840d9-eaa5-40f6-99f6-c6ee1b1191bd,Inbound_Queue,client,183.807,0,3.807
47:19.1,7692606e-6ff5-4d86-9986-3eafe5513617,Inbound_Queue,client,180.853,0,155.853
47:20.1,57fe1954-e706-4ac9-a693-8f0d8b5faa5d,Inbound_Queue,peer,587.648,0,407.648
47:22.6,2adad817-f8f6-4b84-876b-7f2153a1232e,Inbound_Queue,endpoint,273.272,0,138.272
48:33.6,dc86536f-f5ef-48a9-b9c4-390780f83890,Inbound_Queue,peer,2845.066,317.939,2347.127
48:37.0,0350e824-4af2-4216-90b4-0d6d6b37b894,Inbound_Queue,peer,223.094,0,43.094
48:48.5,8c224214-2788-46f3-9a8d-72879a77856b,Inbound_Queue,client,233.938,0,53.938
49:03.2,d1cd42d9-cdbb-425b-9c63-4b2de8ecc92f,Inbound_Queue,peer,1547.468,0,1367.468
49:03.3,d5486df6-8847-4eeb-ab47-076356427abf,Inbound_Queue,peer,845.388,0,665.388
49:45.1,bed34990-b428-4868-b4b3-e18e0980dedf,Inbound_Queue,peer,928.012,238.413,683.599
49:59.4,b4ad9889-08e7-4dd2-90c0-2fe3d2cb484a,Inbound_Queue,client,379.414,0,199.414
50:04.0,ddb87fd3-c224-4e80-b3e8-c3268f123a57,Inbound_Queue,peer,251.276,0,160.276
50:06.1,2dcedc95-b76c-407f-a454-c527e7b47f7a,Inbound_Queue,transfer,3204.386,805.602,2218.784
50:11.3,eb6e9215-042f-4f5d-9f5e-643f13daad08,Inbound_Queue,peer,1412.353,124.103,1283.285
50:29.8,d47840d9-eaa5-40f6-99f6-c6ee1b1191bd,Inbound_Queue,peer,653.649,0,473.649
50:33.1,7692606e-6ff5-4d86-9986-3eafe5513617,Inbound_Queue,endpoint,1021.914,235.362,606.552
51:09.9,6607042e-58ad-440e-a713-936f3bd890f6,Inbound_Queue,peer,2144.927,0,1964.927
52:19.0,37b61721-f642-4a1c-92e4-5764373107ab,Inbound_Queue,peer,4642.225,2311.776,2150.449
52:23.8,6ddb2b56-0b3e-4a47-89f0-d49e23dcd237,Inbound_Queue,peer,807.118,43.624,640.494
53:07.7,ffbaedee-9796-469c-89b4-fd22cec5fff7,Inbound_Queue,peer,2069.866,537.051,1352.815
53:16.7,4f33a4b0-1d58-402b-9046-16d2157e3b77,Inbound_Queue,peer,2272.444,2.991,2264.872
53:32.8,0350e824-4af2-4216-90b4-0d6d6b37b894,Inbound_Queue,peer,298.033,0,118.033
53:36.0,80f64b14-0909-446c-b594-47414758f148,Inbound_Queue,peer,390.235,0,249.3
53:44.4,255d569b-e1cf-46f4-bfba-88b4a69f5455,Inbound_Queue,peer,4350.575,658.211,3675.364
54:20.5,5e6b0aa5-78f6-475d-897e-fe2036aa4250,Inbound_Queue,peer,559.56,0,379.56
54:31.3,d6e29412-dfdd-45c1-a597-29a960a5c5f8,Inbound_Queue,peer,703.358,0,523.358
54:33.2,a1f6fcd7-2e96-4af8-9c5d-047878b26aa4,Inbound_Queue,peer,1109.224,261.54,716.777
55:18.9,df4e932b-8d7f-4e00-8d45-18eef77126a3,Inbound_Queue,peer,572.94,0,392.94
55:48.7,b8b5a757-7176-499d-b93d-8feebb36c09f,Inbound_Queue,peer,1421.869,2.005,1239.864
56:16.9,42c439e6-9c60-48e5-b0a4-46e49c341158,Inbound_Queue,peer,1954.228,1390.767,383.461
56:29.9,79fcd683-2d7d-4f33-b685-ea21c0bd72cb,Inbound_Queue,peer,633.426,0,453.426
56:41.7,46f7670a-55bd-4c83-8036-184c5b14b5fe,Inbound_Queue,peer,2270.24,1083.829,1169.892
56:55.7,e9a52a16-8aed-4650-ae12-008a27de3264,Inbound_Queue,peer,2974.522,1240.255,1554.267
57:26.4,3ada4c7f-b585-4818-9438-b4d5f9d61989,Inbound_Queue,peer,240.196,0,60.196
57:31.9,b4ad9889-08e7-4dd2-90c0-2fe3d2cb484a,Inbound_Queue,peer,1546.89,413.749,953.141
58:26.8,9aed926c-d44e-4772-84f2-8dd68b5f85a5,Inbound_Queue,peer,921.661,327.664,413.997
58:58.9,290a5fa8-690f-4518-bb22-96dcff43a265,Inbound_Queue,peer,968.482,6.571,953.278
59:22.0,0ad1d053-a3a3-4056-a412-f4ac54609ed3,Inbound_Queue,peer,563.496,0,383.496
59:22.1,57fe1954-e706-4ac9-a693-8f0d8b5faa5d,Inbound_Queue,peer,1853.851,0,1844.112
59:22.8,e0e99868-ae4e-4d91-a609-ad1f37391890,Inbound_Queue,peer,1599.909,789.993,645.142
59:26.5,610d92c5-8f00-4f56-b1ad-4ace5c1acc58,Inbound_Queue,peer,1799.601,793.188,951.413
59:31.0,4f648fad-cad6-46f2-9c2a-268bb77ebbd9,Inbound_Queue,peer,241.997,0,237.997
59:52.0,81ef18e0-3c16-4534-9860-b336f2338e95,Inbound_Queue,peer,2366.48,861.811,1324.669
59:59.0,2bf90acd-41df-4bba-8c5a-2a3c7b9d6840,Inbound_Queue,peer,878.003,131.619,566.384
00:21.3,1cb2454f-5ded-4dda-8c81-baeeef4372ec,Inbound_Queue,peer,418.177,0,374.177
00:21.8,a30a63b9-93eb-431e-b066-efc787235721,Inbound_Queue,peer,590.985,0,410.985
00:24.4,735df99e-ecf2-465f-9b23-af57f9816040,Inbound_Queue,peer,2051.287,1071.935,799.352
00:58.5,6e881084-8174-4d5f-9f61-bc83d2d5027d,Inbound_Queue,peer,833.412,0,653.412
01:33.0,2adad817-f8f6-4b84-876b-7f2153a1232e,Inbound_Queue,peer,505.998,0,325.998
01:52.1,42b03f6e-403e-4eb2-9f35-8ce33d267460,Inbound_Queue,peer,2392.998,601.475,1611.523
01:53.4,80f64b14-0909-446c-b594-47414758f148,Inbound_Queue,peer,314.367,0,205.573
02:28.5,14dfa860-b731-4b36-9e5f-e3da58bfa76f,Inbound_Queue,client,1169.719,438.695,551.024
02:36.2,0aa4b567-82ad-4eb3-9244-a84ac8345c32,Inbound_Queue,peer,5634.109,3005.259,2448.85
03:05.1,c3557b79-457d-491d-80f5-5e2c46eb193e,Inbound_Queue,peer,1247.759,0,1067.759
03:10.8,ab231e97-5e63-47fb-82f6-729f15eed115,Inbound_Queue,transfer,1347.075,0,1167.075
03:17.9,b57b70a1-00c2-43ad-99df-0d36d18ca7e7,Inbound_Queue,peer,1716.704,386.185,1322.519
03:30.6,bf3a8e4d-82ea-4ca8-a203-f2d40f97551c,Inbound_Queue,peer,1032.43,0,852.43
04:55.3,3a7bc04c-e444-402a-bbc9-4ddccace95cc,Inbound_Queue,peer,479.11,0,299.11
05:13.5,606cab59-808d-44d7-81e8-0b1db09645de,Inbound_Queue,peer,962.638,165.351,662.287
05:17.5,730bd0f7-b90b-46dd-b0c5-f310d4e9784a,Inbound_Queue,peer,748.912,0,568.912
05:23.5,4245f430-a0ae-40eb-8a9d-dd54a214d363,Inbound_Queue,peer,371.628,0,191.628
05:42.8,ce10f099-657a-4707-a80c-a5d10466d0ce,Inbound_Queue,peer,3445.38,528.355,2737.025
05:48.0,59f8eea1-fc1a-4435-9cdd-65ebaecf7ada,Inbound_Queue,peer,549.262,218.443,150.819
06:03.1,d5486df6-8847-4eeb-ab47-076356427abf,Inbound_Queue,peer,3739.124,1587.702,1971.422
06:16.9,99154a69-2c6d-49b4-9778-d91b6cf6b66f,Inbound_Queue,peer,1162.932,501.091,568.12
06:23.9,4f648fad-cad6-46f2-9c2a-268bb77ebbd9,Inbound_Queue,peer,103.038,0,98.464
07:10.1,5e6b0aa5-78f6-475d-897e-fe2036aa4250,Inbound_Queue,transfer,303.43,0,123.43
08:07.7,98139a66-1c8f-48e1-9954-f56f840f4d10,Inbound_Queue,peer,2549.369,1045.246,1324.123
08:17.1,f75f5a38-3e79-4fe2-87a4-c375235ca13a,Inbound_Queue,peer,929.776,151.803,597.973
08:29.6,df4e932b-8d7f-4e00-8d45-18eef77126a3,Inbound_Queue,peer,1886.805,841.05,865.755
08:39.0,991de021-0e54-4cff-a83d-793551c930d7,Inbound_Queue,peer,1042.391,177.611,684.78
08:42.1,f3a9065d-c4e2-44a0-a93c-bb3495afe226,Inbound_Queue,client,1408.493,431.345,841.148
09:04.3,ed1fcb7a-fca8-4a39-a048-129c8ea27454,Inbound_Queue,endpoint,902.696,43.941,678.755
09:17.3,adf0125d-22ab-480b-9a84-9d7889adb38c,Inbound_Queue,peer,417.504,0,237.504
09:22.0,7e343f6a-ea29-4708-b2ba-767bf4520733,Inbound_Queue,peer,1011.061,1.795,1002.266
09:29.7,79fcd683-2d7d-4f33-b685-ea21c0bd72cb,Inbound_Queue,peer,636.595,0,504.595
09:32.0,7692606e-6ff5-4d86-9986-3eafe5513617,Inbound_Queue,peer,1066.116,0,886.116
09:49.8,660ed913-79ce-44af-8bad-77d1b6bff891,Inbound_Queue,client,3100.27,0,2920.27
10:24.0,b7012e18-db86-4f79-9c20-63f445065951,Inbound_Queue,peer,1297.178,0,1117.178
10:26.6,abd7e836-7c8a-42e9-98c0-25f4e65233ba,Inbound_Queue,peer,41.558,0,36.857
10:56.6,4f648fad-cad6-46f2-9c2a-268bb77ebbd9,Inbound_Queue,peer,1473.008,842.098,628.25
11:03.9,8a1bfa1e-a509-4159-a617-b144da7cde68,Inbound_Queue,peer,2457.638,692.45,1585.188
11:32.2,0ad1d053-a3a3-4056-a412-f4ac54609ed3,Inbound_Queue,peer,2053.191,141.307,1731.884
11:58.8,80f64b14-0909-446c-b594-47414758f148,Inbound_Queue,peer,1329.313,680.975,490.803
12:03.8,20c90d44-45f8-4a87-bcc2-6951039092ad,Inbound_Queue,peer,562.794,0,560.084
12:17.6,80121fcc-578c-42ca-bdde-bac8f703c470,Inbound_Queue,peer,413.577,0,233.577
12:23.1,a30a63b9-93eb-431e-b066-efc787235721,Inbound_Queue,peer,2044.39,0,1864.39
12:40.5,abd7e836-7c8a-42e9-98c0-25f4e65233ba,Inbound_Queue,peer,300.692,0,298.933
13:02.2,6ddb2b56-0b3e-4a47-89f0-d49e23dcd237,Inbound_Queue,peer,2404.477,1201.326,1132.213
13:05.7,32e44875-c678-4915-90a3-0ce51510d912,Inbound_Queue,peer,396.848,0,394.848
13:26.0,5e6b0aa5-78f6-475d-897e-fe2036aa4250,Inbound_Queue,peer,414.09,0,234.09
14:30.5,aa26e2bd-1385-44f0-af87-72d3e32568b4,Inbound_Queue,client,644.943,0,464.943
14:30.7,3a7bc04c-e444-402a-bbc9-4ddccace95cc,Inbound_Queue,peer,1457.106,0,1277.106
14:31.8,d47840d9-eaa5-40f6-99f6-c6ee1b1191bd,Inbound_Queue,peer,2664.411,150.127,2334.284
14:47.1,2fdbdbbd-bf46-4ff2-a8d1-082d1edfef81,Inbound_Queue,endpoint,1723.009,459.124,1186.293
14:54.3,4245f430-a0ae-40eb-8a9d-dd54a214d363,Inbound_Queue,peer,1204.61,0,1024.61
14:57.4,e0fe5905-960d-46cd-ae8c-5b60b07dd531,Inbound_Queue,client,325.384,0,319.764
15:20.5,9aed926c-d44e-4772-84f2-8dd68b5f85a5,Inbound_Queue,peer,239.98,0,189.98
15:26.1,20b5fddc-f6b0-43c2-b435-f8d6ddf250b0,Inbound_Queue,peer,2122.512,491.522,1497.99
16:18.7,7cb2b3b9-b20b-496f-a7d1-b231ac85d46c,Inbound_Queue,peer,3580.941,596.886,2804.055
16:26.7,2bf90acd-41df-4bba-8c5a-2a3c7b9d6840,Inbound_Queue,peer,1197.639,481.945,556.922
17:14.8,d1cd42d9-cdbb-425b-9c63-4b2de8ecc92f,Inbound_Queue,peer,323.576,0,143.576
17:45.1,cdb24e83-c04b-4ec9-927c-1edb726f88ed,Inbound_Queue,peer,2202.268,908.3,1186.984
17:47.0,6e881084-8174-4d5f-9f61-bc83d2d5027d,Inbound_Queue,peer,434.286,0,254.286
17:49.3,597bddf4-8a4a-4349-af69-fd25a3e396a3,Inbound_Queue,peer,2596.458,0,2416.458
18:28.1,1a1b0387-e91a-432b-afee-1421669d3709,Inbound_Queue,peer,1595.594,0,1415.594
18:46.7,59f8eea1-fc1a-4435-9cdd-65ebaecf7ada,Inbound_Queue,transfer,373.781,117.153,76.628
19:05.7,a9db4161-ec04-4fe1-8fa9-4645b96ff374,Inbound_Queue,peer,924.007,0,744.007
19:26.2,94092f0b-90d3-45e2-b500-4debea87dfa4,Inbound_Queue,peer,920.184,571.099,340.353
19:27.3,d6e29412-dfdd-45c1-a597-29a960a5c5f8,Inbound_Queue,peer,545.679,0,365.679
20:36.4,040166c5-a05b-4be2-9fdd-049fcd04f498,Inbound_Queue,peer,1463.716,0,1283.716
20:59.4,adf0125d-22ab-480b-9a84-9d7889adb38c,Inbound_Queue,peer,1622.444,98.197,1344.247
21:39.5,abd7e836-7c8a-42e9-98c0-25f4e65233ba,Inbound_Queue,peer,555.606,0,553.606
22:02.9,a1f6fcd7-2e96-4af8-9c5d-047878b26aa4,Inbound_Queue,peer,345.336,0,165.336
22:13.8,c9167e6d-1661-460e-bca6-da35ecb2866d,Inbound_Queue,peer,1010.648,296.997,533.651
22:40.3,b749bf04-3b60-479d-b1d0-93c38f2747dd,Inbound_Queue,client,2837.375,1123.922,1570.453
23:34.4,5867c9ef-4b00-4c2e-8626-049028df8d80,Inbound_Queue,peer,2119.7,381.799,1557.901
23:36.2,32e44875-c678-4915-90a3-0ce51510d912,Inbound_Queue,peer,105.368,0,102.368
23:39.0,5e6b0aa5-78f6-475d-897e-fe2036aa4250,Inbound_Queue,peer,1944.386,682.887,1081.499
24:00.4,0c0ef954-5e4b-4029-b7b5-2348b25edf2e,Inbound_Queue,client,736.135,207.111,349.024
24:10.5,bf3a8e4d-82ea-4ca8-a203-f2d40f97551c,Inbound_Queue,peer,1127.259,0,947.259
24:15.3,91ea72ce-e8d9-427c-911e-69db9d3eca9b,Inbound_Queue,peer,281.56,0,237.787
24:32.4,eb44633f-86d8-4d87-9982-22330080c18a,Inbound_Queue,peer,3192.986,1934.969,1078.017
24:52.9,14dfa860-b731-4b36-9e5f-e3da58bfa76f,Inbound_Queue,client,584.7,0,404.7
25:08.7,d1cd42d9-cdbb-425b-9c63-4b2de8ecc92f,Inbound_Queue,peer,4776.339,747.803,3848.536
25:10.5,c3557b79-457d-491d-80f5-5e2c46eb193e,Inbound_Queue,transfer,4455.535,1219.234,3056.301
25:57.5,730bd0f7-b90b-46dd-b0c5-f310d4e9784a,Inbound_Queue,peer,1033.893,0,853.893
26:34.0,59f8eea1-fc1a-4435-9cdd-65ebaecf7ada,Inbound_Queue,peer,1148.329,452.813,515.516
26:34.5,d9bf7ded-41f3-4612-9b26-705798cac7aa,Inbound_Queue,client,1460.694,184.606,1236.583
26:43.7,6e881084-8174-4d5f-9f61-bc83d2d5027d,Inbound_Queue,peer,802.834,0,622.834
27:35.3,20c90d44-45f8-4a87-bcc2-6951039092ad,Inbound_Queue,peer,1392.848,105.105,1283.743
28:03.2,32e44875-c678-4915-90a3-0ce51510d912,Inbound_Queue,peer,1194.138,0,1191.398
28:09.2,ab231e97-5e63-47fb-82f6-729f15eed115,Inbound_Queue,peer,332.112,51.11,101.002
28:09.4,63bb6f93-004c-4a79-8d01-7de24f75241b,Inbound_Queue,client,3212.365,0,3207.365
28:34.3,aa26e2bd-1385-44f0-af87-72d3e32568b4,Inbound_Queue,peer,1407.34,1.769,1225.571
28:38.5,991de021-0e54-4cff-a83d-793551c930d7,Inbound_Queue,peer,897.058,0,717.058
29:27.1,0350e824-4af2-4216-90b4-0d6d6b37b894,Inbound_Queue,peer,257.668,0,77.668
29:40.2,6607042e-58ad-440e-a713-936f3bd890f6,Inbound_Queue,peer,627.795,0,447.795
30:13.8,7692606e-6ff5-4d86-9986-3eafe5513617,Inbound_Queue,peer,244.844,0,64.844
30:15.5,a1f6fcd7-2e96-4af8-9c5d-047878b26aa4,Inbound_Queue,peer,1240.755,414.348,646.407
30:41.8,8edfd986-7da5-4c4b-81c3-83266f2a9955,Inbound_Queue,transfer,3207.28,105.268,2922.012
30:49.8,6a04b882-aee7-46ae-ab7c-a897612b4f48,Inbound_Queue,peer,452.646,0,272.646
30:52.5,e8d43bfd-8118-4873-b8be-c05db8c66d57,Inbound_Queue,peer,998.045,90.829,783.216
30:54.9,ea63a7f4-000e-44c3-9a17-c94ba222767e,Inbound_Queue,peer,371.761,0,191.761
31:08.9,57fe1954-e706-4ac9-a693-8f0d8b5faa5d,Inbound_Queue,peer,384.254,0,204.254
31:37.6,abd7e836-7c8a-42e9-98c0-25f4e65233ba,Inbound_Queue,peer,409.851,108.8,299.051
31:39.9,c0a8c863-7b54-4c09-aad8-0bd6dc4f2544,Inbound_Queue,peer,1315.217,277.817,951.598
31:43.2,54ea8c3b-6ecf-4585-9f16-e952cd6b249b,Inbound_Queue,peer,768.364,0,608.596
31:51.5,606cab59-808d-44d7-81e8-0b1db09645de,Inbound_Queue,peer,1394.817,188.209,1178.608
32:14.8,b57b70a1-00c2-43ad-99df-0d36d18ca7e7,Inbound_Queue,peer,1095.668,53.432,1038.236
32:17.7,b4ad9889-08e7-4dd2-90c0-2fe3d2cb484a,Inbound_Queue,endpoint,1044.327,262.915,601.412
32:51.3,2f53e641-1a22-489b-afd5-efdd7017c3df,Inbound_Queue,peer,2095.862,202.003,1713.859
33:01.6,eb6e9215-042f-4f5d-9f5e-643f13daad08,Inbound_Queue,peer,1129.254,103.007,916.247
33:43.2,9aed926c-d44e-4772-84f2-8dd68b5f85a5,Inbound_Queue,peer,1594.155,402.622,1011.533
33:43.7,80fbca02-82b9-4150-a5b7-245cd4a32edb,Inbound_Queue,peer,842.758,0,834.941
33:46.4,ab231e97-5e63-47fb-82f6-729f15eed115,Inbound_Queue,peer,1865.519,990.113,695.406
34:12.4,0350e824-4af2-4216-90b4-0d6d6b37b894,Inbound_Queue,peer,620.426,0,440.426
34:57.6,7692606e-6ff5-4d86-9986-3eafe5513617,Inbound_Queue,peer,399.439,0,219.439
36:15.2,46f7670a-55bd-4c83-8036-184c5b14b5fe,Inbound_Queue,peer,16.3,0,0.3
36:15.4,a9db4161-ec04-4fe1-8fa9-4645b96ff374,Inbound_Queue,peer,609.516,0,429.516
36:24.2,735df99e-ecf2-465f-9b23-af57f9816040,Inbound_Queue,peer,595.237,173.812,241.425
36:47.6,14dfa860-b731-4b36-9e5f-e3da58bfa76f,Inbound_Queue,client,1092.932,0,912.932
36:54.4,94092f0b-90d3-45e2-b500-4debea87dfa4,Inbound_Queue,peer,741.141,228.65,434.491
36:59.6,91ea72ce-e8d9-427c-911e-69db9d3eca9b,Inbound_Queue,peer,1720.179,488.767,1051.412
37:05.5,0c0ef954-5e4b-4029-b7b5-2348b25edf2e,Inbound_Queue,peer,6867.703,660.101,6027.602
37:10.7,46f7670a-55bd-4c83-8036-184c5b14b5fe,Inbound_Queue,peer,223.758,7.951,104.807
37:22.1,ea63a7f4-000e-44c3-9a17-c94ba222767e,Inbound_Queue,peer,725.177,181.754,396.423
37:29.9,ce0ce6d1-f299-49ff-b4e4-1afcabdd9d98,Inbound_Queue,endpoint,402.401,0,222.401
37:33.4,57fe1954-e706-4ac9-a693-8f0d8b5faa5d,Inbound_Queue,peer,1532.997,466.006,886.991
37:45.3,f75f5a38-3e79-4fe2-87a4-c375235ca13a,Inbound_Queue,peer,2887.201,165.998,2541.203
38:22.6,6a04b882-aee7-46ae-ab7c-a897612b4f48,Inbound_Queue,peer,691.018,0,511.018
38:27.6,abd7e836-7c8a-42e9-98c0-25f4e65233ba,Inbound_Queue,peer,370.004,0,263.293
38:48.2,3a7bc04c-e444-402a-bbc9-4ddccace95cc,Inbound_Queue,client,816.458,0,636.458
39:04.8,c9167e6d-1661-460e-bca6-da35ecb2866d,Inbound_Queue,peer,539.265,0,359.265
39:18.8,81ef18e0-3c16-4534-9860-b336f2338e95,Inbound_Queue,peer,830.408,0,650.408
40:06.8,6e881084-8174-4d5f-9f61-bc83d2d5027d,Inbound_Queue,peer,1227.818,0,1047.818
40:08.3,6607042e-58ad-440e-a713-936f3bd890f6,Inbound_Queue,peer,561.583,0,381.583
40:19.5,99154a69-2c6d-49b4-9778-d91b6cf6b66f,Inbound_Queue,peer,81.014,0,75.014
40:33.6,4245f430-a0ae-40eb-8a9d-dd54a214d363,Inbound_Queue,transfer,403.241,21.053,202.188
40:54.0,ddb87fd3-c224-4e80-b3e8-c3268f123a57,Inbound_Queue,peer,782.427,111.565,663.223
40:54.4,610d92c5-8f00-4f56-b1ad-4ace5c1acc58,Inbound_Queue,peer,205.463,0,25.463
40:54.9,46f7670a-55bd-4c83-8036-184c5b14b5fe,Inbound_Queue,peer,254.302,81.6,109.702
41:02.9,b7012e18-db86-4f79-9c20-63f445065951,Inbound_Queue,peer,754.815,0,574.815
41:18.5,d6e29412-dfdd-45c1-a597-29a960a5c5f8,Inbound_Queue,peer,1020.305,271.004,569.301
41:38.8,94a209e5-c413-481d-8347-ff668ebd0bf6,Inbound_Queue,peer,3486.722,1681.143,1625.579
41:40.7,99154a69-2c6d-49b4-9778-d91b6cf6b66f,Inbound_Queue,peer,935.616,0,808.616
41:42.2,ffbaedee-9796-469c-89b4-fd22cec5fff7,Inbound_Queue,peer,2746.765,317.538,2290.227
41:45.4,42b03f6e-403e-4eb2-9f35-8ce33d267460,Inbound_Queue,peer,1402.591,472.057,750.534
41:49.4,f3a9065d-c4e2-44a0-a93c-bb3495afe226,Inbound_Queue,peer,689.984,54.561,455.423
42:04.4,80f64b14-0909-446c-b594-47414758f148,Inbound_Queue,peer,1925.79,453.686,1297.473
42:58.1,bf3a8e4d-82ea-4ca8-a203-f2d40f97551c,Inbound_Queue,peer,848.727,0,668.727
43:30.8,2dcedc95-b76c-407f-a454-c527e7b47f7a,Inbound_Queue,peer,1287.785,363.722,744.063
43:35.9,991de021-0e54-4cff-a83d-793551c930d7,Inbound_Queue,peer,460.625,0,280.625
43:42.1,f0b45afb-1194-4ce8-8e8e-356c8c4a5474,Inbound_Queue,endpoint,181.156,0,1.156
44:20.2,610d92c5-8f00-4f56-b1ad-4ace5c1acc58,Inbound_Queue,peer,628.679,125.011,323.668
44:31.7,54ea8c3b-6ecf-4585-9f16-e952cd6b249b,Inbound_Queue,peer,489.976,0,482.371
44:33.1,0350e824-4af2-4216-90b4-0d6d6b37b894,Inbound_Queue,peer,215.454,0,35.454
44:36.5,ee56cf25-4c1f-4085-8c3f-fb40c30c29f9,Inbound_Queue,peer,975.497,188.293,607.204
44:37.8,abd7e836-7c8a-42e9-98c0-25f4e65233ba,Inbound_Queue,peer,436.259,0,256.259
45:01.1,040166c5-a05b-4be2-9fdd-049fcd04f498,Inbound_Queue,peer,2685.862,1495.82,1010.042
45:04.7,1a1b0387-e91a-432b-afee-1421669d3709,Inbound_Queue,peer,667.759,0,487.759
45:17.8,8f1636c7-6256-4cd8-b997-bda87fc62a81,Inbound_Queue,peer,501.064,0,321.064
45:47.9,59f8eea1-fc1a-4435-9cdd-65ebaecf7ada,Inbound_Queue,peer,1548.053,366.27,1001.783
45:59.9,e0fe5905-960d-46cd-ae8c-5b60b07dd531,Inbound_Queue,peer,673.19,0,580.19
46:15.8,4f33a4b0-1d58-402b-9046-16d2157e3b77,Inbound_Queue,peer,663.022,2.492,480.53
46:19.7,735df99e-ecf2-465f-9b23-af57f9816040,Inbound_Queue,transfer,1200.248,227.332,792.916
46:26.3,a9db4161-ec04-4fe1-8fa9-4645b96ff374,Inbound_Queue,peer,3289.334,2398.796,710.538
46:27.8,a30a63b9-93eb-431e-b066-efc787235721,Inbound_Queue,peer,589.783,0,409.783
46:30.5,e9a52a16-8aed-4650-ae12-008a27de3264,Inbound_Queue,peer,1709.999,389.414,1140.585
46:42.1,3670d403-6e94-4e4a-ac94-918146030f11,Inbound_Queue,peer,1690.147,672.818,1013.329
47:17.1,4245f430-a0ae-40eb-8a9d-dd54a214d363,Inbound_Queue,peer,1746.2,557.928,1008.272
47:30.9,e8d43bfd-8118-4873-b8be-c05db8c66d57,Inbound_Queue,peer,1301.245,589.23,532.015
47:52.0,83182297-7f24-413b-8783-8a80d4ed30c4,Inbound_Queue,peer,557.421,0,377.421
47:52.4,f0b45afb-1194-4ce8-8e8e-356c8c4a5474,Inbound_Queue,peer,1010.974,0,830.974
47:57.5,32e44875-c678-4915-90a3-0ce51510d912,Inbound_Queue,peer,860.495,0,858.495
48:02.3,adf0125d-22ab-480b-9a84-9d7889adb38c,Inbound_Queue,peer,190.576,0,10.576
48:10.7,c9167e6d-1661-460e-bca6-da35ecb2866d,Inbound_Queue,peer,1463.966,237.123,1046.843
48:49.9,0350e824-4af2-4216-90b4-0d6d6b37b894,Inbound_Queue,peer,209.313,0,29.313
49:16.2,94092f0b-90d3-45e2-b500-4debea87dfa4,Inbound_Queue,peer,5063.179,1412.548,3615.804
49:30.2,6607042e-58ad-440e-a713-936f3bd890f6,Inbound_Queue,peer,1879.53,359.339,1340.191
49:35.1,0544876f-4db0-46be-9f60-752ec4413636,Inbound_Queue,peer,1591.44,508.8,1014.04
50:30.7,b57b70a1-00c2-43ad-99df-0d36d18ca7e7,Inbound_Queue,peer,516.401,0,511.401
50:39.7,4f648fad-cad6-46f2-9c2a-268bb77ebbd9,Inbound_Queue,peer,2438.712,698.757,1735.955
50:48.5,20c90d44-45f8-4a87-bcc2-6951039092ad,Inbound_Queue,peer,677.949,0,537.949
50:49.0,20b5fddc-f6b0-43c2-b435-f8d6ddf250b0,Inbound_Queue,peer,1249.772,119.916,950.283
51:13.3,adf0125d-22ab-480b-9a84-9d7889adb38c,Inbound_Queue,peer,2102.278,209.723,1712.555
51:19.0,991de021-0e54-4cff-a83d-793551c930d7,Inbound_Queue,peer,1021.824,0,867.824
51:39.0,46f7670a-55bd-4c83-8036-184c5b14b5fe,Inbound_Queue,peer,1584.25,930.286,643.964
51:41.0,21e90dac-b238-4f78-a740-02b24ae01154,Inbound_Queue,peer,417.249,0,398.249
51:44.6,502d6033-517a-49ef-b5a0-632601053d1c,Inbound_Queue,peer,1338.369,674.483,483.886
51:49.4,b2da88f6-0cc9-4ce8-8f8d-9949f0ea9530,Inbound_Queue,peer,663.939,32.284,451.655
51:54.4,abd7e836-7c8a-42e9-98c0-25f4e65233ba,Inbound_Queue,peer,821.122,172.643,555.479
52:01.9,8a1bfa1e-a509-4159-a617-b144da7cde68,Inbound_Queue,peer,1353.292,559.599,613.693
52:02.9,aa26e2bd-1385-44f0-af87-72d3e32568b4,Inbound_Queue,client,2013.078,100.66,1732.418
52:19.4,193caf00-bddc-4964-a034-44837daa3bb3,Inbound_Queue,peer,1169.401,4.535,984.866
52:19.5,0350e824-4af2-4216-90b4-0d6d6b37b894,Inbound_Queue,peer,245.25,0,65.25
52:25.0,3a7bc04c-e444-402a-bbc9-4ddccace95cc,Inbound_Queue,peer,3724.402,1245.762,2298.64
52:33.5,d2b5db33-03d0-46a9-a8fc-13794f4d0d6a,Inbound_Queue,peer,2058.517,686.485,1192.032
52:47.3,54ea8c3b-6ecf-4585-9f16-e952cd6b249b,Inbound_Queue,peer,3538.154,139.208,3336.214
52:47.5,d1f986ef-1bad-4c64-9680-a3c042ffcdf3,Inbound_Queue,client,454.212,0,274.212
53:06.8,6ddb2b56-0b3e-4a47-89f0-d49e23dcd237,Inbound_Queue,peer,2608.339,512.179,2090.16
53:09.6,81ef18e0-3c16-4534-9860-b336f2338e95,Inbound_Queue,peer,2529.646,1098.192,1251.454
53:38.9,b7012e18-db86-4f79-9c20-63f445065951,Inbound_Queue,peer,274.059,0,94.059
53:39.1,8f1636c7-6256-4cd8-b997-bda87fc62a81,Inbound_Queue,peer,1688.043,838.46,669.583
54:27.5,cdb24e83-c04b-4ec9-927c-1edb726f88ed,Inbound_Queue,peer,23.205,0,20.205
54:49.2,610d92c5-8f00-4f56-b1ad-4ace5c1acc58,Inbound_Queue,peer,1705.53,231.714,1293.816
55:45.1,98139a66-1c8f-48e1-9954-f56f840f4d10,Inbound_Queue,peer,1097.145,364.747,568.781
56:03.8,5e6b0aa5-78f6-475d-897e-fe2036aa4250,Inbound_Queue,peer,768.311,164.444,423.867
56:11.7,5e684929-3b8d-47d4-926e-4ad7d09388ce,Inbound_Queue,peer,4747.374,417.8,4149.574
56:13.4,1a1b0387-e91a-432b-afee-1421669d3709,Inbound_Queue,peer,874.481,0,694.481
56:18.0,a30a63b9-93eb-431e-b066-efc787235721,Inbound_Queue,peer,2891.404,0,2871.404
56:20.2,ea63a7f4-000e-44c3-9a17-c94ba222767e,Inbound_Queue,peer,1682.337,481.076,1021.261
56:25.1,0350e824-4af2-4216-90b4-0d6d6b37b894,Inbound_Queue,peer,230.756,0,50.756
56:39.7,457eb428-bc02-4f52-b77d-e63756825e07,Inbound_Queue,client,2482.058,1110.641,1191.417
57:07.2,bf3a8e4d-82ea-4ca8-a203-f2d40f97551c,Inbound_Queue,peer,671.963,0,491.963
57:16.7,99154a69-2c6d-49b4-9778-d91b6cf6b66f,Inbound_Queue,peer,1545.715,0,1430.715
57:32.5,4f33a4b0-1d58-402b-9046-16d2157e3b77,Inbound_Queue,peer,975.142,102.752,692.39
58:05.7,70cdc787-a19d-4670-95ab-d5ce98e547ae,Inbound_Queue,peer,1313.126,498.747,634.379
58:10.4,730bd0f7-b90b-46dd-b0c5-f310d4e9784a,Inbound_Queue,peer,544.681,0,364.681
58:14.8,f3a9065d-c4e2-44a0-a93c-bb3495afe226,Inbound_Queue,peer,1014.745,379.164,455.581
58:32.2,b7012e18-db86-4f79-9c20-63f445065951,Inbound_Queue,peer,572.321,0,392.321
58:56.8,5867c9ef-4b00-4c2e-8626-049028df8d80,Inbound_Queue,client,183.87,0,3.87
59:48.2,dc86536f-f5ef-48a9-b9c4-390780f83890,Inbound_Queue,client,1292.001,725.457,386.544
00:05.8,036312a0-c289-46d9-b602-d686886d3728,Inbound_Queue,peer,1278.642,123.772,1151.14
00:06.0,c703c7d2-9015-47ba-b116-0f02b81e7b31,Inbound_Queue,peer,1799.827,629.985,989.842
00:36.8,0350e824-4af2-4216-90b4-0d6d6b37b894,Inbound_Queue,client,230.121,0,50.121
00:47.6,d1f986ef-1bad-4c64-9680-a3c042ffcdf3,Inbound_Queue,client,723.416,0,543.416
01:02.4,ee56cf25-4c1f-4085-8c3f-fb40c30c29f9,Inbound_Queue,peer,829.484,0,649.484
01:32.5,725f01db-66fe-4dc6-a990-93a7a68bf8d3,Inbound_Queue,client,62.894,0,46.894
01:36.1,6e881084-8174-4d5f-9f61-bc83d2d5027d,Inbound_Queue,peer,897.865,1.209,716.656
02:05.3,a4ca4f9f-4cb0-4145-9b33-1bafc45fc1ff,Inbound_Queue,peer,710.141,0,530.141
02:30.0,248482c1-73b5-4e1c-bb47-8d6824ab1ca3,Inbound_Queue,peer,2370.35,1851.432,404.217
02:39.0,5867c9ef-4b00-4c2e-8626-049028df8d80,Inbound_Queue,peer,846.773,0,666.773
02:54.4,b4ad9889-08e7-4dd2-90c0-2fe3d2cb484a,Inbound_Queue,peer,294.802,39.227,75.575
03:36.5,20c90d44-45f8-4a87-bcc2-6951039092ad,Inbound_Queue,peer,341.738,64.601,274.26
03:42.6,8261bb15-26ea-48f4-b5e8-686de8c5ccea,Inbound_Queue,peer,2703.383,766.588,1758.195
03:50.3,32e44875-c678-4915-90a3-0ce51510d912,Inbound_Queue,peer,3210.011,1438.435,1767.95
04:03.8,ce10f099-657a-4707-a80c-a5d10466d0ce,Inbound_Queue,peer,718.782,149.013,541.776
04:10.8,d6e29412-dfdd-45c1-a597-29a960a5c5f8,Inbound_Queue,peer,1331.556,507.291,644.265
04:18.0,83182297-7f24-413b-8783-8a80d4ed30c4,Inbound_Queue,peer,605,0,425
04:27.3,0350e824-4af2-4216-90b4-0d6d6b37b894,Inbound_Queue,peer,296.79,0,116.79
04:44.4,f0b45afb-1194-4ce8-8e8e-356c8c4a5474,Inbound_Queue,peer,1899.099,347.462,1371.637
04:52.2,ab231e97-5e63-47fb-82f6-729f15eed115,Inbound_Queue,peer,4267.326,1111.091,2976.235
04:58.8,2dcedc95-b76c-407f-a454-c527e7b47f7a,Inbound_Queue,peer,1105.934,0,925.934
05:48.9,57fe1954-e706-4ac9-a693-8f0d8b5faa5d,Inbound_Queue,peer,865.879,285.561,400.318
06:13.7,725f01db-66fe-4dc6-a990-93a7a68bf8d3,Inbound_Queue,peer,323.194,0,318.397
06:13.8,bed34990-b428-4868-b4b3-e18e0980dedf,Inbound_Queue,peer,1415.798,379.372,1030.426
06:16.4,abd7e836-7c8a-42e9-98c0-25f4e65233ba,Inbound_Queue,peer,971.782,0,945.119
06:33.9,735df99e-ecf2-465f-9b23-af57f9816040,Inbound_Queue,client,2448.739,228.901,2039.838
06:58.7,91ea72ce-e8d9-427c-911e-69db9d3eca9b,Inbound_Queue,peer,1077.164,5.622,978.542
06:59.0,5a9248b8-bfd2-4326-a472-5e4ccc679ead,Inbound_Queue,peer,2733.05,769.154,1783.896
07:18.8,730bd0f7-b90b-46dd-b0c5-f310d4e9784a,Inbound_Queue,peer,597.294,0,417.294
07:22.1,e974e08f-6dff-4187-a7c2-e21cad1e7452,Inbound_Queue,peer,1118.731,1.448,937.283
07:52.7,b4ad9889-08e7-4dd2-90c0-2fe3d2cb484a,Inbound_Queue,peer,375.419,67.515,127.904
08:35.9,bf3a8e4d-82ea-4ca8-a203-f2d40f97551c,Inbound_Queue,peer,4288.036,693.219,3414.817
08:48.1,b57b70a1-00c2-43ad-99df-0d36d18ca7e7,Inbound_Queue,peer,3798.102,964.975,2823.127
08:55.3,5e6b0aa5-78f6-475d-897e-fe2036aa4250,Inbound_Queue,peer,703.5,0,523.5
09:44.4,e8d43bfd-8118-4873-b8be-c05db8c66d57,Inbound_Queue,transfer,518.603,57.107,393.922
09:52.7,20c90d44-45f8-4a87-bcc2-6951039092ad,Inbound_Queue,peer,769.351,0,680.723
10:00.4,0350e824-4af2-4216-90b4-0d6d6b37b894,Inbound_Queue,peer,207.175,0,27.175
10:19.0,37b61721-f642-4a1c-92e4-5764373107ab,Inbound_Queue,peer,679.624,0,499.624
10:49.0,1a1b0387-e91a-432b-afee-1421669d3709,Inbound_Queue,peer,2234.363,0,2054.363
10:49.8,eb6e9215-042f-4f5d-9f5e-643f13daad08,Inbound_Queue,peer,1512.54,0,1508.62
11:36.3,59f8eea1-fc1a-4435-9cdd-65ebaecf7ada,Inbound_Queue,client,452.588,0,272.588
11:37.0,725f01db-66fe-4dc6-a990-93a7a68bf8d3,Inbound_Queue,client,1627.09,765.802,858.612
11:38.9,20b5fddc-f6b0-43c2-b435-f8d6ddf250b0,Inbound_Queue,peer,1422.583,130.364,1112.219
11:48.8,b7012e18-db86-4f79-9c20-63f445065951,Inbound_Queue,peer,388.294,0,208.294
11:49.2,193caf00-bddc-4964-a034-44837daa3bb3,Inbound_Queue,peer,538.901,0,358.901
12:35.0,c9167e6d-1661-460e-bca6-da35ecb2866d,Inbound_Queue,peer,1722.64,787.348,755.292
12:52.0,d1f986ef-1bad-4c64-9680-a3c042ffcdf3,Inbound_Queue,client,2698.112,1582.846,935.266
13:04.1,b0996dc3-b802-443c-8596-98eca7bc63f4,Inbound_Queue,peer,324.703,0,144.703
13:22.2,ddb87fd3-c224-4e80-b3e8-c3268f123a57,Inbound_Queue,endpoint,88.392,0,57.544
13:23.0,e0fe5905-960d-46cd-ae8c-5b60b07dd531,Inbound_Queue,peer,3683.371,1381.141,2211.341
13:27.9,0350e824-4af2-4216-90b4-0d6d6b37b894,Inbound_Queue,peer,197.758,0,17.758
13:47.9,4f33a4b0-1d58-402b-9046-16d2157e3b77,Inbound_Queue,transfer,1142.707,444.5,526.69
13:52.3,4ff996ef-9f41-4fc7-9894-333cd0364bcc,Inbound_Queue,peer,2344.537,87.681,2076.856
14:34.2,e2fa5f27-e8ad-4205-9138-29ce9ac6a892,Inbound_Queue,client,195.385,0,15.385
14:55.0,ee56cf25-4c1f-4085-8c3f-fb40c30c29f9,Inbound_Queue,client,531.742,0,351.742
14:56.1,98139a66-1c8f-48e1-9954-f56f840f4d10,Inbound_Queue,client,9.526,0,5.82
15:09.7,502d6033-517a-49ef-b5a0-632601053d1c,Inbound_Queue,peer,447.036,0,267.036
15:11.4,a4ca4f9f-4cb0-4145-9b33-1bafc45fc1ff,Inbound_Queue,peer,1480.336,254.413,1045.923
15:17.2,42b03f6e-403e-4eb2-9f35-8ce33d267460,Inbound_Queue,peer,187.283,0,7.283
15:27.5,b4ad9889-08e7-4dd2-90c0-2fe3d2cb484a,Inbound_Queue,peer,651.655,35.353,436.302
15:32.7,397cbba2-3e6a-41d8-84bb-bb4c8775bea0,Inbound_Queue,client,167.709,0,161.709
15:41.4,ddb87fd3-c224-4e80-b3e8-c3268f123a57,Inbound_Queue,client,112.975,0,104.975
15:56.0,49196b79-8854-4fa5-ab83-e3f2eed52695,Inbound_Queue,peer,250.647,0,172.101
16:09.2,9f3dbb17-1a42-45f6-b59c-c47b90a8a36e,Inbound_Queue,peer,153.697,0,150.933
16:12.9,42c439e6-9c60-48e5-b0a4-46e49c341158,Inbound_Queue,peer,559.826,0,379.826
16:15.0,84eca844-80a4-4c06-b2f3-a9317ba97d9a,Inbound_Queue,peer,187.7,0,7.7
16:22.2,83182297-7f24-413b-8783-8a80d4ed30c4,Inbound_Queue,peer,2205.605,0,2025.605
16:54.1,1458ae06-af72-43d9-bc11-5c8d39b0e0c4,Inbound_Queue,client,1027.428,495.385,352.043
17:13.2,cdb24e83-c04b-4ec9-927c-1edb726f88ed,Inbound_Queue,transfer,165.787,64.653,75.134
